Date,Close/Last,Volume,Open,High,Low,sentiment
2015-01-02,14.6207,71298549,14.858,14.8833,14.2173,0.1149378378378378
2015-01-05,14.006,80332235,14.3033,14.4333,13.8108,0.1262130044843049
2015-01-06,14.0853,93864718,14.004,14.28,13.614,0.0948702702702702
2015-01-07,14.0633,44479928,14.2233,14.3187,13.9853,0.0626640625
2015-01-08,14.041,51523489,14.1873,14.2533,14.0007,0.0967132978723404
2015-01-09,13.7773,68869616,13.928,13.9987,13.664,0.0724668292682926
2015-01-12,13.4807,89184060,13.5367,13.6313,13.2833,0.0641744252873563
2015-01-13,13.6167,63715528,13.5547,13.8407,13.3941,0.0403225508317929
2015-01-14,12.846,172745014,12.3887,13.0133,12.3333,0.0333894875164257
2015-01-15,12.7913,78071616,12.966,13.05,12.6667,0.0860121621621621
2015-01-16,12.8713,53862798,12.7133,12.966,12.6433,0.053829596412556
2015-01-20,12.7953,67360181,12.9247,12.9413,12.4693,0.0674154185022026
2015-01-21,13.1047,62161784,12.6367,13.2453,12.634,0.124584188034188
2015-01-22,13.4413,61556264,13.1333,13.5493,13.0133,0.0903957831325301
2015-01-23,13.4193,51615754,13.3527,13.5667,13.222,0.0669342391304348
2015-01-26,13.77,48466791,13.4553,13.908,13.4033,0.1081
2015-01-27,13.732,41668869,13.628,13.8687,13.5533,0.0690117647058823
2015-01-28,13.2913,47092191,13.7407,13.7579,13.228,0.0771183544303797
2015-01-29,13.68,53138628,13.4047,13.732,13.1,0.1401781094527363
2015-01-30,13.5733,45018997,13.5973,13.8313,13.5333,0.0835409937888198
2015-02-02,14.0627,62157719,13.598,14.13,13.5533,0.0929679611650485
2015-02-03,14.5573,72237474,14.2147,14.6913,14.0847,0.1514409302325581
2015-02-04,14.57,49566230,14.5527,14.7653,14.4533,0.0935119205298013
2015-02-05,14.7327,52774714,14.6587,15.032,14.6425,0.079180473372781
2015-02-06,14.4907,48537816,14.8,14.8933,14.4333,0.0761671568627451
2015-02-09,14.4987,52046614,14.3587,14.5287,14.1327,0.0777319672131147
2015-02-10,14.4193,80232890,14.5033,14.7,14.3333,0.0343864485981308
2015-02-11,14.1867,135796177,14.1473,14.316,13.8187,0.0143070945945945
2015-02-12,13.5253,234402333,12.9047,13.5392,12.8853,0.0591421747328724
2015-02-13,13.5847,92223059,13.5267,13.7327,13.394,0.0442282258064516
2015-02-17,13.6233,59468295,13.7133,13.7133,13.4333,0.0801530612244898
2015-02-18,13.6307,40663450,13.6113,13.7447,13.5067,0.04384
2015-02-19,14.1137,77058006,13.6667,14.1627,13.5833,0.0635795013850415
2015-02-20,14.474,89675595,14.052,14.5067,13.9873,0.1008261096605744
2015-02-23,13.8223,127306901,14.3773,14.5467,13.7553,0.0595299684542586
2015-02-24,13.6073,98809421,13.8193,13.8193,13.4467,0.135221021021021
2015-02-25,13.584,58612546,13.6627,13.8093,13.5053,0.0314375478927203
2015-02-26,13.8127,97020251,13.6,14.0727,13.4813,0.0779951807228915
2015-02-27,13.556,58070926,13.7933,13.9033,13.52,0.0319640625
2015-03-02,13.155,118655971,13.5133,13.556,13.055,0.002351081081081
2015-03-03,13.304,66461967,13.1207,13.3496,13.0213,0.0565162790697674
2015-03-04,13.4957,63228793,13.2833,13.5013,13.1473,0.0262116363636363
2015-03-05,13.3753,73051928,13.5233,13.746,13.3433,0.0440242105263157
2015-03-06,12.9253,100581715,13.2807,13.3833,12.8101,0.0176751655629139
2015-03-09,12.7253,100987615,12.9593,12.966,12.55,-0.0103829931972789
2015-03-10,12.688,83085573,12.564,12.9,12.5067,0.0612713864306784
2015-03-11,12.916,74526053,12.7433,13.0787,12.734,0.0788969387755102
2015-03-12,12.738,62096504,12.9167,12.9633,12.65,0.0290190677966101
2015-03-13,12.5787,81319354,12.5967,12.7833,12.488,0.0723491228070175
2015-03-16,13.0467,84255378,12.8,13.0607,12.6533,0.0763392785571142
2015-03-17,12.982,73353938,13.0287,13.2473,12.9293,0.0987153256704981
2015-03-18,13.3807,71953059,12.9973,13.392,12.874,0.0977714285714285
2015-03-19,13.0433,127032626,13.4667,13.6393,12.9687,0.0873476648351648
2015-03-20,13.2053,63751108,13.1633,13.266,13.0414,0.081616304347826
2015-03-23,13.3087,39337360,13.2333,13.3667,13.1647,0.0605777777777777
2015-03-24,13.448,54612963,13.4387,13.586,13.3167,0.0746817351598173
2015-03-25,12.9533,85823687,13.218,13.2393,12.8467,0.0719612179487179
2015-03-26,12.6937,61802729,12.928,12.986,12.6467,0.0968385365853658
2015-03-27,12.3333,128948381,12.6047,12.6193,12.0933,0.068053164556962
2015-03-30,12.7047,150934575,12.39,12.8167,12.12,0.1237108043217286
2015-03-31,12.5847,75269212,12.902,12.9173,12.5607,0.09720022172949
2015-04-01,12.506,56872157,12.58,12.82,12.4033,0.0195569696969696
2015-04-02,12.7333,75071092,12.682,12.882,12.6667,0.0913619760479041
2015-04-06,13.54,186341457,13.2,13.85,13.1667,0.092922
2015-04-07,13.55,65104392,13.5007,13.6707,13.4093,0.0765617424242424
2015-04-08,13.8447,94195648,13.88,14.06,13.7247,0.0687451923076923
2015-04-09,14.006,56697767,13.8953,14.0247,13.7413,0.0657045774647887
2015-04-10,14.06,60312720,13.99,14.11,13.9333,0.0648024630541871
2015-04-13,13.9853,56358272,14.029,14.2,13.9367,-0.0284331491712707
2015-04-14,13.8307,45286282,13.9047,13.966,13.7,0.0719578544061302
2015-04-15,13.8553,29157015,13.8307,13.9727,13.7733,0.0263531428571428
2015-04-16,13.78,24855258,13.8467,13.9447,13.7527,0.044445
2015-04-17,13.786,36983247,13.666,13.792,13.5667,0.0086187499999999
2015-04-20,13.6847,38383676,13.7853,13.8567,13.59,0.0117026217228464
2015-04-21,13.9607,51242629,13.72,14.05,13.6207,0.053703086419753
2015-04-22,14.6293,117832636,14.1667,14.792,14.1127,0.1094671848013816
2015-04-23,14.5733,66125727,14.5513,14.7653,14.4767,0.0942705660377358
2015-04-24,14.5617,36395322,14.7,14.72,14.534,0.1244908045977011
2015-04-27,15.4367,174886413,14.8373,15.9167,14.8,0.1312573189522342
2015-04-28,15.3653,91202624,15.65,15.7,15.202,0.0665248484848484
2015-04-29,15.4967,58969276,15.3367,15.6647,15.1753,0.0615665454545454
2015-04-30,15.07,58383421,15.3593,15.526,15.0113,0.1103592920353982
2015-05-01,15.0687,79153820,15.3293,15.4513,14.6937,0.118180673076923
2015-05-04,15.3673,66408852,15.212,15.6487,15.1407,0.0798824120603015
2015-05-05,15.53,86740922,15.8507,15.9667,15.2753,0.1114786259541984
2015-05-06,15.362,76256602,15.6067,15.6313,15.2133,0.0733668817204301
2015-05-07,15.7867,141598459,14.7333,15.832,14.6833,0.096273241590214
2015-05-08,15.774,69981640,15.7327,15.894,15.58,0.0411024390243902
2015-05-11,15.966,84956958,15.7527,16.192,15.6873,0.0674945244956772
2015-05-12,16.316,95186907,16.0073,16.4233,15.8793,0.1265930232558139
2015-05-13,16.212,81490294,16.5073,16.5533,16.15,0.1093692307692307
2015-05-14,16.2733,42706224,16.3213,16.326,16.0833,0.0952279883381924
2015-05-15,16.5893,67790021,16.262,16.6267,16.1667,0.0945245125348189
2015-05-18,16.5833,50248940,16.4667,16.66,16.4,-0.0269977667493796
2015-05-19,16.476,55022957,16.562,16.7333,16.41,0.0278
2015-05-20,16.29,56242157,16.4753,16.516,16.0915,0.0810639053254437
2015-05-21,16.3747,29498490,16.202,16.4413,16.1572,0.0744057401812688
2015-05-22,16.5153,33289618,16.3587,16.5733,16.334,0.0435728
2015-05-26,16.497,52364914,16.512,16.8,16.4333,0.0798411111111111
2015-05-27,16.4953,51059794,16.5673,16.6333,16.37,0.1027173228346456
2015-05-28,16.7633,54690918,16.4687,16.7867,16.3367,0.1400327077747989
2015-05-29,16.72,56776652,16.7333,16.8579,16.6287,0.1150768976897689
2015-06-01,16.63,37533551,16.7607,16.7733,16.498,0.1242919540229885
2015-06-02,16.5567,31941554,16.5947,16.6267,16.42,0.0850710638297872
2015-06-03,16.5993,26671517,16.5467,16.7147,16.4673,0.059807296137339
2015-06-04,16.3947,36383802,16.5,16.62,16.3807,0.1014638888888888
2015-06-05,16.6093,45297532,16.4,16.6467,16.3787,0.0983786163522012
2015-06-08,17.086,75104122,16.7233,17.25,16.6873,0.1423437632135306
2015-06-09,17.0667,38940866,17.0267,17.1827,16.9427,0.0728592105263157
2015-06-10,16.7133,51789439,16.7933,16.9333,16.5667,0.0845853333333333
2015-06-11,16.7607,30614580,16.884,16.958,16.6953,0.0789903846153846
2015-06-12,16.7127,21276844,16.6807,16.8973,16.6807,-0.0079103053435114
2015-06-15,16.692,32743964,16.6467,16.752,16.4007,0.0408538461538461
2015-06-16,16.8747,29713755,16.6753,16.896,16.6063,0.1771705179282868
2015-06-17,17.3607,82508359,16.8113,17.624,16.8013,0.1525686131386861
2015-06-18,17.4593,41721594,17.4667,17.564,17.3347,0.091632507739938
2015-06-19,17.5007,36883482,17.4933,17.5867,17.34,0.1384190661478599
2015-06-22,17.3193,68386046,17.4767,17.6267,17.046,0.0612525
2015-06-23,17.8447,57969001,17.3547,17.8667,17.238,0.1202844236760124
2015-06-24,17.678,36172362,17.7987,17.8233,17.5813,0.0913239837398374
2015-06-25,17.9193,42674874,17.7633,18.094,17.6833,0.1611761627906976
2015-06-26,17.806,57444871,17.926,17.9407,17.7333,0.1624954545454545
2015-06-29,17.468,52071754,17.4633,17.73,17.38,0.1249138028169014
2015-06-30,17.884,46266502,17.6533,18.0613,17.6,0.1570950581395349
2015-07-01,17.9433,31500269,18.074,18.1747,17.8567,0.1230223175965665
2015-07-02,18.668,107333721,18.6797,18.83,18.2207,0.1208604982206405
2015-07-06,18.648,61638854,18.592,18.7793,18.42,0.1073304347826087
2015-07-07,17.8587,91445729,18.3333,18.3467,17.3847,0.0955724210526315
2015-07-08,16.9973,93189103,17.288,17.3867,16.954,0.1039781671159029
2015-07-09,17.1947,49946435,17.272,17.53,17.1193,0.1267095
2015-07-10,17.2767,39078205,17.4813,17.5333,17.188,0.0896337539432176
2015-07-13,17.4773,44270933,17.4833,17.5033,17.07,0.0405382608695652
2015-07-14,17.71,28583521,17.4733,17.7327,17.3673,0.0493770992366412
2015-07-15,17.5427,30102885,17.7827,17.8327,17.472,0.0552547008547008
2015-07-16,17.7787,23973783,17.6147,17.8133,17.544,0.1460624031007752
2015-07-17,18.3107,74950298,18.1667,18.3693,17.8833,0.083353187250996
2015-07-20,18.8173,74546273,18.3333,19.11,18.1693,0.1177670241286863
2015-07-21,17.7847,91374434,18.0033,18.2333,17.77,0.068139801980198
2015-07-22,17.858,46459867,17.418,17.9627,17.3907,0.1403323308270676
2015-07-23,17.8133,33337198,17.9767,17.9933,17.6847,0.0822099999999999
2015-07-24,17.694,42517794,17.8253,18.0727,17.5947,0.1364728110599078
2015-07-27,16.8673,70333075,17.4953,17.6288,16.7193,0.0738005263157894
2015-07-28,17.6547,58189921,17.05,17.6933,16.7892,0.1121135135135135
2015-07-29,17.588,41743269,17.618,17.8593,17.4667,0.1899672839506172
2015-07-30,17.786,30459060,17.5127,17.796,17.474,0.0545891578947368
2015-07-31,17.7433,33270043,17.84,17.9573,17.6749,0.0638688693098384
2015-08-03,17.3327,38207441,17.7527,17.7807,17.138,0.0479306748466257
2015-08-04,17.752,35042262,17.334,17.7813,17.2227,0.105382233502538
2015-08-05,18.0087,89538630,17.572,18.0667,17.36,0.0967695613249776
2015-08-06,16.4087,219267190,16.636,17.0,15.7413,0.0793985815602836
2015-08-07,16.1673,76043992,16.2387,16.2487,15.8927,0.1124682186234817
2015-08-10,16.076,62689574,15.8767,16.198,15.7367,0.0272311258278145
2015-08-11,15.8247,63913348,15.81,15.9533,15.6293,0.1064946666666666
2015-08-12,15.878,55952042,15.6667,15.9847,15.516,0.0705029702970297
2015-08-13,16.1673,70249915,15.9907,16.432,15.9413,0.1150367796610169
2015-08-14,16.21,65410362,16.4827,16.5287,16.118,0.1141650246305418
2015-08-17,16.9993,107525886,17.0373,17.106,16.7007,0.1172693939393939
2015-08-18,17.3813,62790734,17.0253,17.3967,16.904,0.0764923076923076
2015-08-19,17.0167,53984028,17.3553,17.3767,17.0013,0.0684388059701492
2015-08-20,16.1453,73382513,16.804,16.9707,16.1267,0.0552398268398268
2015-08-21,15.3847,98676476,15.7333,16.2533,15.3673,0.0418518518518518
2015-08-24,14.5913,143437188,13.5193,15.4267,13.0,0.0740953068592057
2015-08-25,14.6687,64705153,15.368,15.3933,14.608,0.083455601659751
2015-08-26,14.9893,74269463,15.1953,15.2,14.3673,0.0956061889250814
2015-08-27,16.1993,114686538,15.4,16.3167,15.3873,0.1149729674796748
2015-08-28,16.5653,82609999,16.124,16.7633,16.1047,0.1015980440097799
2015-08-31,16.604,70325560,16.3747,16.9967,16.3673,0.1186241379310344
2015-09-01,15.9087,81658474,16.0227,16.4,15.798,0.0673716814159292
2015-09-02,16.5127,68862821,16.3533,16.5253,15.9853,0.1221168674698795
2015-09-03,16.3713,62772089,16.804,16.8053,16.3333,0.0744410788381742
2015-09-04,16.1287,55311812,16.0593,16.2727,15.88,0.0763053892215568
2015-09-08,16.5447,46948042,16.3367,16.6107,16.27,0.1118244239631336
2015-09-09,16.594,50774690,16.8033,16.95,16.5535,0.1572238461538461
2015-09-10,16.5653,40603090,16.482,16.7149,16.3553,0.0957030487804878
2015-09-11,16.6827,35202012,16.5093,16.6827,16.3153,0.0944846153846153
2015-09-14,16.8793,43284128,16.74,16.95,16.6447,0.0633649253731343
2015-09-15,16.9047,43974083,16.85,16.9733,16.6333,0.0899136170212765
2015-09-16,17.4833,66085557,16.8693,17.5253,16.8587,0.0840084112149532
2015-09-17,17.4713,53628288,17.5973,17.7,17.3793,0.1170331343283582
2015-09-18,17.3747,56409632,17.1973,17.588,17.1667,0.1248096525096525
2015-09-21,17.6133,91719179,17.5987,18.1047,17.0533,0.1003952830188679
2015-09-22,17.396,54909618,17.2687,17.51,17.058,0.0514452586206896
2015-09-23,17.404,38957531,17.4633,17.472,17.1723,0.0913174311926605
2015-09-24,17.5413,51639994,17.302,17.5633,17.0807,0.0981969581749049
2015-09-25,17.1273,56570897,17.774,17.794,17.0767,0.130610546875
2015-09-28,16.562,73396658,17.1567,17.3193,16.4407,0.1228405325443787
2015-09-29,16.4433,55439552,16.6973,16.982,16.364,0.1063057220708447
2015-09-30,16.56,73886228,16.8,16.8267,16.156,0.1105882936507936
2015-10-01,15.992,68523881,16.5007,16.5667,15.8087,0.0828229681978798
2015-10-02,16.5047,66114192,15.7067,16.5133,15.662,0.0998087096774193
2015-10-05,16.41,55267322,16.5893,16.656,16.2753,0.0988472924187725
2015-10-06,16.0973,78520146,16.0,16.202,15.7053,0.0384127147766323
2015-10-07,15.464,102066444,15.7753,15.8467,15.2747,0.03955
2015-10-08,15.1147,91889864,15.3387,15.3813,14.754,0.0801461126005362
2015-10-09,14.7127,92306264,14.7287,14.958,14.5573,0.0215608620689655
2015-10-12,14.372,57242536,14.866,14.8667,14.3513,0.0798062271062271
2015-10-13,14.6167,77522391,14.2187,14.8348,14.0753,0.0917680124223602
2015-10-14,14.4587,46416517,14.7113,14.73,14.362,0.0497817174515235
2015-10-15,14.754,42538779,14.4287,14.782,14.2467,0.0788192214111922
2015-10-16,15.134,64913578,14.8693,15.3654,14.858,0.1404046242774566
2015-10-19,15.2067,37602521,15.1,15.41,14.996,-0.0278813829787234
2015-10-20,14.202,223155188,15.1813,15.24,13.4667,0.0263116161616161
2015-10-21,14.006,62669309,14.1327,14.3207,13.92,0.0086819095477386
2015-10-22,14.1147,42281994,14.104,14.3833,13.96,0.1056087155963302
2015-10-23,13.9393,63396133,14.3333,14.3567,13.846,0.0402539130434782
2015-10-26,14.3507,50823380,14.092,14.392,14.0,0.0816856164383561
2015-10-27,14.0233,52692454,14.3227,14.4733,13.834,0.1131257142857142
2015-10-28,14.1973,40903180,14.0873,14.23,13.8867,0.0466034722222222
2015-10-29,14.1087,26921132,14.1167,14.2499,14.0427,0.0767805714285714
2015-10-30,13.7953,66486462,14.0267,14.1087,13.5927,0.0625882653061224
2015-11-02,14.2527,58867681,13.928,14.3867,13.8147,0.0613147999999999
2015-11-03,13.89,120976305,14.2567,14.296,13.85,0.0833876984126984
2015-11-04,15.442,190702855,15.1333,15.516,15.0133,0.0749125429553264
2015-11-05,15.4513,67424126,15.372,15.639,15.2793,0.0855798994974874
2015-11-06,15.4907,36663942,15.38,15.5573,15.3,0.1542903743315508
2015-11-09,15.022,57692656,15.5327,15.5327,14.954,0.0808024691358024
2015-11-10,14.4333,69186085,14.8987,14.9133,14.4053,0.1083373983739837
2015-11-11,14.6053,50062490,14.518,14.632,14.242,0.0604615
2015-11-12,14.196,43702643,14.5233,14.6,14.1773,0.0465942857142857
2015-11-13,13.8127,51347059,14.1967,14.1993,13.768,0.1162527363184079
2015-11-16,14.2873,43805408,13.7393,14.332,13.72,0.1116705882352941
2015-11-17,14.2667,32224874,14.3467,14.4,14.0933,0.0876192052980132
2015-11-18,14.738,42152979,14.3,14.7587,14.168,0.1402155279503105
2015-11-19,14.7867,37493876,14.7027,15.0793,14.6867,0.0848496551724138
2015-11-20,14.6673,65912952,14.8993,15.0,14.2387,0.0752410526315789
2015-11-23,14.5167,37877921,14.49,14.612,14.312,0.0896301724137931
2015-11-24,14.55,37175816,14.358,14.7333,14.3333,0.1104144385026738
2015-11-25,15.3093,59804145,14.756,15.3883,14.6917,0.1586124555160142
2015-11-27,15.4407,29240280,15.404,15.4833,15.134,0.1154161073825503
2015-11-30,15.3507,38868056,15.4527,15.6187,15.272,0.0049975961538461
2015-12-01,15.8127,55928402,15.404,15.8667,15.4033,0.1155413793103448
2015-12-02,15.466,44709638,15.8,15.9067,15.4153,0.0123315985130111
2015-12-03,15.514,44058473,15.6987,15.83,15.3333,0.0521039408866995
2015-12-04,15.3587,38580191,15.4973,15.5513,15.1773,0.0910795580110497
2015-12-07,15.4087,47112936,15.18,15.7087,15.0767,0.0999089552238806
2015-12-08,15.1147,40233865,15.168,15.2533,14.9467,0.0675714285714285
2015-12-09,14.968,45855517,15.1133,15.1667,14.7147,0.048
2015-12-10,15.138,31051304,14.9807,15.2327,14.9093,0.0976178571428571
2015-12-11,14.468,48886686,15.016,15.05,14.4427,0.1282918918918919
2015-12-14,14.572,42416934,14.5007,14.728,14.3247,0.0397350282485875
2015-12-15,14.7393,33625273,14.788,14.8147,14.5333,0.1514128712871287
2015-12-16,15.634,76506607,14.8067,15.6587,14.7153,0.0959146551724137
2015-12-17,15.5593,49416875,15.596,15.8507,15.321,0.0724259259259259
2015-12-18,15.364,45120832,15.526,15.7267,15.286,0.1054754838709677
2015-12-21,15.504,29273700,15.446,15.722,15.4053,0.1069818181818181
2015-12-22,15.33,29382525,15.666,15.77,15.3087,0.1058575609756097
2015-12-23,15.3133,23265453,15.4787,15.5633,15.2087,0.1408969230769231
2015-12-24,15.3713,10654150,15.3707,15.4587,15.2187,0.1040747368421052
2015-12-28,15.2633,28502551,15.4327,15.4653,15.036,0.1028366666666666
2015-12-29,15.8127,36036552,15.3373,15.848,15.3031,0.1264611570247933
2015-12-30,15.8727,55416692,15.7733,16.2423,15.7114,0.1153410334346504
2015-12-31,16.0007,40707235,15.9007,16.23,15.8913,0.1130452261306532
2016-01-04,14.894,102352599,15.3813,15.4253,14.6,0.066399294117647
2016-01-05,14.8953,47782851,15.0907,15.126,14.6667,0.0569757990867579
2016-01-06,14.6027,56615267,14.6667,14.67,14.3987,0.0720222222222222
2016-01-07,14.3767,53260533,14.2793,14.5627,14.2447,0.0806439759036144
2016-01-08,14.0667,53585373,14.524,14.696,14.0513,0.2002071428571428
2016-01-11,13.8567,61362614,14.2673,14.2967,13.5333,0.0630995884773662
2016-01-12,13.998,46185742,14.1067,14.2493,13.6873,0.0492956043956043
2016-01-13,13.354,61814864,14.134,14.1767,13.3333,0.1482989361702127
2016-01-14,13.7453,97358636,13.4807,14.0,12.892,0.093709
2016-01-15,13.666,79886555,13.2647,13.6713,13.15,0.0805537142857142
2016-01-19,13.648,60469035,13.914,14.0313,13.3853,0.1197325153374233
2016-01-20,13.2467,87391606,13.2933,13.4187,12.75,0.0188635802469135
2016-01-21,13.3313,47466336,13.4367,13.5487,13.0013,0.0856023952095808
2016-01-22,13.5033,46830967,13.6534,13.7,13.2687,0.0872730769230769
2016-01-25,13.092,40431100,13.3373,13.5713,13.0587,0.1141663793103448
2016-01-26,12.904,74353733,13.1133,13.188,12.592,0.0091763546798029
2016-01-27,12.538,53660268,12.8253,12.884,12.3847,0.0623585987261146
2016-01-28,12.6467,68794886,12.7193,12.752,12.1607,0.0758147208121827
2016-01-29,12.7467,42733914,12.6633,12.916,12.5387,0.0902587837837837
2016-02-01,13.1293,79435235,12.584,13.3013,12.1833,0.0786169444444444
2016-02-02,12.1853,86472212,12.828,12.8747,12.0153,0.0223816816816816
2016-02-03,11.5653,118914541,12.2393,12.2627,11.3453,0.0414919661733615
2016-02-04,11.6887,65691597,11.38,11.732,11.1327,0.0765163424124513
2016-02-05,10.84,141517354,11.42,11.5333,10.5163,0.0109587431693989
2016-02-08,9.866,139601240,10.4737,10.4767,9.7333,0.0588673469387755
2016-02-09,9.8833,129594850,9.488,10.6527,9.4033,0.0541375862068965
2016-02-10,9.578,151570274,10.0333,10.3313,9.4493,0.0705713936430317
2016-02-11,10.0313,213553393,10.1333,10.884,9.8,0.0768654685494223
2016-02-12,10.0693,108498906,10.3333,10.4673,9.58,0.0320993220338983
2016-02-16,10.3447,83424528,10.58,10.8633,10.274,0.0916286324786324
2016-02-17,11.2453,87303916,10.6,11.2893,10.4453,0.1208618497109826
2016-02-18,11.118,58246576,11.4947,11.53,10.9847,0.0697254545454545
2016-02-19,11.1053,44337458,10.9107,11.166,10.8333,0.1399904411764705
2016-02-22,11.8493,75830062,11.3413,11.9273,11.3233,0.1231654545454545
2016-02-23,11.814,89744850,11.744,12.1153,11.5787,0.0649358695652174
2016-02-24,11.9333,80780495,11.5167,11.9667,11.1893,0.0512576923076923
2016-02-25,12.4953,85905077,11.91,12.568,11.68,0.0359079439252336
2016-02-26,12.6893,90810870,12.58,12.8,12.3333,0.0936213740458015
2016-02-29,12.7953,67430996,12.8267,13.09,12.6148,0.0632081339712918
2016-03-01,12.4233,100435510,12.95,13.0632,12.18,0.0516006864988558
2016-03-02,12.556,72879429,12.2487,12.568,12.1,0.0560633663366336
2016-03-03,13.0493,72344859,12.552,13.1613,12.2813,0.0566855319148936
2016-03-04,13.4027,97197821,13.2,13.602,13.1667,0.1067702127659574
2016-03-07,13.686,79966415,13.1787,13.98,13.16,0.0585718562874251
2016-03-08,13.5067,62632439,13.5667,13.8333,13.48,0.0557072463768116
2016-03-09,13.9147,48113931,13.6347,13.9582,13.5193,0.131382
2016-03-10,13.6787,77873991,14.0,14.2193,13.3781,0.1186018604651162
2016-03-11,13.8333,50087195,13.862,13.9613,13.6887,0.0425679999999999
2016-03-14,14.3433,60934530,14.1767,14.448,14.0427,0.123795406360424
2016-03-15,14.556,46998427,14.2847,14.598,14.1,0.08696
2016-03-16,14.7953,52678069,14.5333,14.8387,14.468,0.1052754098360655
2016-03-17,15.092,56536217,14.7647,15.2333,14.6667,0.0800897777777777
2016-03-18,15.516,70571380,15.2733,15.632,15.204,0.1144724489795918
2016-03-21,15.888,79335170,15.6893,15.992,15.6667,0.0806249376558603
2016-03-22,15.616,64545748,15.814,15.9327,15.5039,0.082167
2016-03-23,14.8387,74043008,15.4913,15.6487,14.802,0.1106515151515151
2016-03-24,15.1833,74349023,14.3853,15.2592,14.3333,0.1380330383480826
2016-03-28,15.3507,58178956,15.4407,15.654,15.0,0.0914923076923076
2016-03-29,15.342,60090525,15.326,15.492,15.022,0.0482604982206405
2016-03-30,15.126,60385020,15.6727,15.7,15.1,0.093828762541806
2016-03-31,15.318,119634510,15.2893,15.828,15.0007,0.11195
2016-04-01,15.8393,239698530,16.3217,16.5267,15.55,0.1372847826086956
2016-04-04,16.466,200717300,16.608,16.808,16.2427,0.0949140973630831
2016-04-05,17.0313,148971976,16.0333,17.104,16.0,0.0859751584283903
2016-04-06,17.6947,175436312,16.9313,17.8493,16.8967,0.1102942477876106
2016-04-07,17.1467,132683439,17.7633,17.956,16.9673,0.0788447407407407
2016-04-08,16.6713,110290550,17.3667,17.388,16.5347,0.1081478359908883
2016-04-11,16.6613,137345991,16.7333,17.266,16.3533,0.0880005882352941
2016-04-12,16.5213,86330222,16.6333,16.7867,16.242,0.1277953216374269
2016-04-13,16.9687,73823273,16.5673,17.0333,16.4887,0.0812070769230769
2016-04-14,16.7907,61938839,16.8667,17.1226,16.7367,0.059307627118644
2016-04-15,16.9673,56228867,16.754,16.9733,16.608,0.0956757425742574
2016-04-18,16.9253,63948658,16.8153,17.2207,16.7773,0.0459627906976744
2016-04-19,16.4913,95270352,16.8747,16.958,16.0834,0.0442127551020408
2016-04-20,16.6647,77885106,16.4173,16.9107,16.1,0.0869161073825503
2016-04-21,16.5527,41656164,16.5993,16.7267,16.4607,0.0447419491525423
2016-04-22,16.9167,56746862,16.5927,16.9333,16.3807,0.1152151111111111
2016-04-25,16.788,54976293,16.8673,17.1587,16.7173,0.0911944223107569
2016-04-26,16.916,48266661,16.8033,17.0487,16.626,0.1105430769230769
2016-04-27,16.7647,47971551,16.85,17.0,16.6267,0.1290168949771689
2016-04-28,16.514,37733906,16.6567,16.8953,16.496,0.1261994082840236
2016-04-29,16.0507,81077419,16.5427,16.562,15.854,0.0413820512820512
2016-05-02,16.12,57584341,16.1,16.2127,15.6547,0.1331721739130434
2016-05-03,15.488,64444843,15.824,15.9273,15.4413,0.0654993150684931
2016-05-04,14.8373,128249996,15.3527,15.6307,14.6933,0.1059200877192982
2016-05-05,14.102,168725016,15.2307,15.2427,13.986,0.0751944864864865
2016-05-06,14.3287,85255082,14.058,14.4247,13.874,0.0733597122302158
2016-05-09,13.928,71594844,14.3813,14.41,13.7867,0.0799269784172661
2016-05-10,13.9127,61020764,13.8367,13.9647,13.6667,0.0981253846153846
2016-05-11,13.9307,77394561,13.8393,14.3653,13.7367,0.087826936026936
2016-05-12,13.8187,54751098,14.096,14.1113,13.5772,0.1031590361445783
2016-05-13,13.8407,42309219,13.852,14.08,13.78,0.1225683870967742
2016-05-16,13.886,44186288,13.8767,14.21,13.8613,0.0975729411764705
2016-05-17,13.644,42630399,13.9367,13.988,13.6013,0.0675196969696969
2016-05-18,14.078,83290338,13.9433,14.354,13.85,0.0830375931842385
2016-05-19,14.3473,102268779,14.2413,14.4527,13.82,0.061983460949464
2016-05-20,14.6853,134948123,14.466,14.7033,14.4233,0.1104403598971722
2016-05-23,14.4147,76451227,14.658,14.84,14.3907,0.1002811715481171
2016-05-24,14.5273,45139882,14.44,14.5827,14.3453,0.0981230769230769
2016-05-25,14.6387,46969162,14.5273,14.7573,14.434,0.0626839826839826
2016-05-26,15.008,60997650,14.7,15.0173,14.6033,0.069563028169014
2016-05-27,14.8693,54686853,14.9993,15.062,14.7167,0.0926968911917098
2016-05-31,14.882,41800209,14.8693,14.9833,14.7667,0.0556609523809523
2016-06-01,14.6373,44734028,14.7653,14.8267,14.4593,0.0578514403292181
2016-06-02,14.5973,30259170,14.6393,14.6606,14.474,0.0584725190839694
2016-06-03,14.5993,33391633,14.6667,14.796,14.534,0.1304196531791907
2016-06-06,14.712,33639493,14.5333,14.7267,14.3633,0.0300522875816993
2016-06-07,15.4893,92912264,14.816,15.6293,14.768,0.1249809523809523
2016-06-08,15.7013,89476605,15.5867,16.0563,15.507,0.0920053691275167
2016-06-09,15.2907,66813297,15.6653,15.6887,15.1373,0.0310209026128266
2016-06-10,14.586,89918175,15.1593,15.198,14.5615,0.0487292452830188
2016-06-13,14.5247,62817464,14.6333,15.0513,14.5107,0.1112447204968944
2016-06-14,14.3307,53637303,14.592,14.8133,14.1687,-0.0205828767123287
2016-06-15,14.5133,43575008,14.4633,14.7933,14.342,0.0273942857142857
2016-06-16,14.5287,36580362,14.4947,14.536,14.2333,0.0629931506849315
2016-06-17,14.3647,46615987,14.5207,14.666,14.3,0.074748905109489
2016-06-20,14.6467,53246493,14.6333,14.9167,14.5487,0.0896926470588235
2016-06-21,14.6407,42834264,14.712,14.8379,14.5873,0.0914016949152542
2016-06-22,13.1107,355591322,13.298,13.73,13.05,0.0473913516312791
2016-06-23,13.0933,151472774,13.046,13.17,12.8087,-0.0092699594046008
2016-06-24,12.8767,104834183,12.67,13.008,12.6487,0.0640804713804713
2016-06-27,13.2367,108177291,12.724,13.254,12.5247,0.1053091772151898
2016-06-28,13.4527,92384894,13.4593,13.6033,13.294,0.1013493902439024
2016-06-29,14.0127,89806755,13.6753,14.1187,13.5333,0.1157714743589743
2016-06-30,14.152,71916564,14.198,14.2333,13.9347,-0.1424234463276836
2016-07-01,14.4333,80940410,13.7427,14.5493,13.7333,-0.1133935238095238
2016-07-05,14.2653,77547441,13.982,14.3029,13.8667,-0.0221343949044586
2016-07-06,14.296,73654238,14.0,14.3487,13.9333,-0.0520451327433628
2016-07-07,14.396,54050748,14.2067,14.5413,14.2007,0.0232539735099337
2016-07-08,14.452,61006934,14.52,14.654,14.3,0.0293211382113821
2016-07-11,14.9853,80535950,14.664,15.1187,14.634,0.0410009287925696
2016-07-12,14.9767,68608091,14.94,15.1667,14.8813,0.0052248210023866
2016-07-13,14.8353,53110458,15.0333,15.0393,14.686,-0.005988202247191
2016-07-14,14.7687,39868465,14.8747,14.996,14.7367,0.0232826530612244
2016-07-15,14.6933,33462298,14.8347,14.85,14.6427,0.0012756345177664
2016-07-18,15.0833,50918795,14.6427,15.1393,14.5533,0.0994836734693877
2016-07-19,15.0173,45713002,15.0,15.2733,14.9833,0.070220600858369
2016-07-20,15.224,38341766,15.098,15.32,15.0,0.0926216949152542
2016-07-21,14.7,66386307,15.0667,15.1898,14.6067,0.1127872364039955
2016-07-22,14.818,38556911,14.7993,14.9667,14.592,0.098440671641791
2016-07-25,15.334,67192211,14.818,15.426,14.7581,0.086554961832061
2016-07-26,15.3007,51408739,15.1793,15.3333,15.02,0.023925304136253
2016-07-27,15.2327,43305398,15.2893,15.5573,15.128,0.0667340116279069
2016-07-28,15.374,36231912,15.1967,15.384,15.1067,0.1119932692307692
2016-07-29,15.6527,45923587,15.38,15.6853,15.3493,0.0787676991150442
2016-08-01,15.334,60210690,15.7,15.7753,15.292,0.1137895833333333
2016-08-02,15.1467,58930561,15.2913,15.3247,14.76,0.0454603960396039
2016-08-03,15.0527,57131176,15.158,15.3133,14.9473,0.0415474372955289
2016-08-04,15.374,62132294,15.046,15.3907,14.8033,0.0627674267100977
2016-08-05,15.3353,47855106,15.3333,15.4667,15.16,0.0266852017937219
2016-08-08,15.0773,33891958,15.2,15.3067,15.0727,0.0668979695431472
2016-08-09,15.272,32996474,15.1213,15.4358,15.11,0.0322354838709677
2016-08-10,15.0433,35047422,15.216,15.3247,14.9747,-0.0101253012048192
2016-08-11,14.994,28154371,15.078,15.1713,14.894,0.0159794326241134
2016-08-12,15.0407,27177736,15.0273,15.11,14.936,0.0803856164383561
2016-08-15,15.0393,30269445,15.068,15.3,14.9953,0.0075830769230769
2016-08-16,14.9073,33766708,15.0327,15.146,14.894,0.027623
2016-08-17,14.8827,26796107,14.9553,14.9887,14.8533,0.0308658031088082
2016-08-18,14.9007,25489487,14.9213,15.044,14.8193,-0.0246557046979865
2016-08-19,15.0,24879228,14.9027,15.0113,14.8353,0.0599597560975609
2016-08-22,14.862,30925365,14.9447,15.0073,14.8453,0.0585375886524822
2016-08-23,14.9893,71216139,14.9547,15.2327,14.8533,0.0685009523809523
2016-08-24,14.8413,38504186,15.1367,15.1433,14.8147,0.0689772585669782
2016-08-25,14.7307,26403167,14.874,14.92,14.718,0.147694578313253
2016-08-26,14.666,33571288,14.8093,14.857,14.588,0.0479196078431372
2016-08-29,14.3467,48920691,14.6767,14.6933,14.3333,0.0675100591715976
2016-08-30,14.0893,47463306,14.4073,14.4073,14.0347,0.0372913242009132
2016-08-31,14.134,49122785,14.0287,14.1733,13.91,0.0583961240310077
2016-09-01,13.3847,118986601,13.934,14.0733,13.3667,0.0281618025751072
2016-09-02,13.1853,89552265,13.4887,13.5467,13.08,0.0490191489361702
2016-09-06,13.522,65792862,13.268,13.55,13.2667,0.1038281553398058
2016-09-07,13.4473,54568743,13.7,13.7665,13.3807,0.056854296875
2016-09-08,13.1573,50584370,13.3033,13.326,13.0907,-0.011345871559633
2016-09-09,12.9647,56305982,13.2727,13.328,12.9133,0.032380534351145
2016-09-12,13.22,55710707,13.0,13.4246,12.94,0.0808796052631579
2016-09-13,13.07,53747073,13.1373,13.2327,12.8967,0.0848207602339181
2016-09-14,13.094,33842128,13.05,13.195,12.9904,0.0169870431893687
2016-09-15,13.3613,46244107,13.0993,13.5013,13.0933,0.0547333333333333
2016-09-16,13.6933,46563967,13.3613,13.7133,13.2667,0.0494968152866242
2016-09-19,13.756,34474753,13.8,13.962,13.6667,0.0388423529411764
2016-09-20,13.6427,36128322,13.79,13.85,13.594,0.1097728448275862
2016-09-21,13.6813,39469255,13.758,13.8,13.4373,0.0716361403508771
2016-09-22,13.762,35723982,13.76,13.8187,13.5333,0.0689586734693877
2016-09-23,13.83,43561853,13.7327,14.012,13.7113,0.1281989847715736
2016-09-26,13.9327,35900577,13.7667,14.0667,13.7667,0.0689085889570552
2016-09-27,13.7207,50518580,13.9767,13.9988,13.6406,0.1586268817204301
2016-09-28,13.7513,31189844,13.834,13.8833,13.684,0.0352223529411764
2016-09-29,13.38,40710580,13.7067,13.822,13.372,0.0806561403508772
2016-09-30,13.602,38725931,13.4807,13.6653,13.3033,0.115626923076923
2016-10-03,14.2467,89840085,14.1533,14.3779,13.8833,0.0831171875
2016-10-04,14.094,53069268,14.2067,14.2213,13.9213,0.0421100529100529
2016-10-05,13.8973,28086826,14.1493,14.21,13.8747,0.0439046357615894
2016-10-06,13.4,70469020,13.4973,13.614,13.3473,0.0768659400544959
2016-10-07,13.1073,52342174,13.4,13.4213,13.0533,0.089831512605042
2016-10-10,13.3967,49670075,13.4233,13.6093,13.3107,0.0737429553264604
2016-10-11,13.34,34901293,13.4567,13.48,13.2207,-0.012402994011976
2016-10-12,13.434,29536470,13.3967,13.592,13.3613,0.0373666666666666
2016-10-13,13.3493,37427081,13.3667,13.393,13.1367,0.0660923076923076
2016-10-14,13.1007,63982033,13.3773,13.4287,13.0867,0.0406707865168539
2016-10-17,12.9307,67774931,13.1367,13.226,12.8,0.036479365079365
2016-10-18,13.2733,85140647,13.066,13.298,12.884,0.0552865814696485
2016-10-19,13.5707,104492723,13.316,13.7773,13.204,0.0772497807017544
2016-10-20,13.2733,76041112,13.4747,13.5333,13.1367,0.0991538354253835
2016-10-21,13.3393,44053598,13.24,13.438,13.1607,0.1187023148148148
2016-10-24,13.5173,41210139,13.4,13.5964,13.35,0.1357647286821705
2016-10-25,13.4893,36631752,13.5267,13.646,13.4133,0.1107
2016-10-26,13.4827,80203355,13.4,13.546,13.34,0.1379756783919598
2016-10-27,13.6007,196064752,14.0893,14.2467,13.4433,0.0897971252566735
2016-10-28,13.3313,64101808,13.6,13.688,13.322,0.0847919298245614
2016-10-31,13.182,70369765,13.4993,13.4993,13.054,0.1144107296137339
2016-11-01,12.7193,105355057,13.2027,13.2333,12.5403,0.0678554089709762
2016-11-02,12.5347,63633718,12.67,12.8463,12.5003,0.0408837662337662
2016-11-03,12.4947,39668230,12.6,12.7647,12.4693,0.1510495192307692
2016-11-04,12.704,77158686,12.6,12.8973,12.3973,0.1640656682027649
2016-11-07,12.8807,57865201,12.906,12.9527,12.67,0.0684599206349206
2016-11-08,12.996,48793881,12.9193,13.166,12.7507,0.1586856031128404
2016-11-09,12.6707,122496644,12.4583,12.8,12.2633,0.10675375
2016-11-10,12.3567,101194299,12.7367,12.774,12.028,0.041263948497854
2016-11-11,12.5707,59806335,12.2827,12.592,12.2,0.0917664670658682
2016-11-14,12.0967,98218646,12.5333,12.55,11.8793,0.043250243902439
2016-11-15,12.2513,58496116,12.1853,12.4287,12.1367,0.0721513513513513
2016-11-16,12.262,51489994,12.1767,12.3153,12.0807,0.072758064516129
2016-11-17,12.5773,73214498,12.2327,12.6327,12.1407,0.1591138817480719
2016-11-18,12.3347,78097056,12.71,12.8667,12.3333,0.1370501567398119
2016-11-21,12.3013,65338047,12.336,12.5927,12.294,0.1040951351351351
2016-11-22,12.7447,84018528,12.3893,12.7647,12.2473,0.0872358407079646
2016-11-23,12.876,73354238,12.7073,13.0429,12.6,0.0905336917562724
2016-11-25,13.11,35491452,12.9093,13.1492,12.9093,0.0971125827814569
2016-11-28,13.0747,67816196,13.032,13.29,12.97,0.0752309278350515
2016-11-29,12.638,66529647,13.0373,13.1153,12.6333,0.022971746031746
2016-11-30,12.6267,53173338,12.7333,12.7927,12.5,0.0958103260869565
2016-12-01,12.1253,76786537,12.55,12.5687,12.0667,0.0683443686006825
2016-12-02,12.098,60602985,12.192,12.3253,12.0,0.0424203187250996
2016-12-05,12.4533,61042169,12.1673,12.5927,12.1673,0.1662598086124402
2016-12-06,12.39,50840450,12.368,12.4387,12.1788,0.0561369318181818
2016-12-07,12.8767,81856024,12.41,12.8933,12.3333,0.0794197628458498
2016-12-08,12.8193,47905236,12.8033,12.8333,12.636,0.0711196531791907
2016-12-09,12.812,40814035,12.7247,12.9224,12.7207,0.04815
2016-12-12,12.8287,36546402,12.8533,12.9613,12.736,0.0463251366120218
2016-12-13,13.21,102289779,12.8787,13.4187,12.8667,0.1105191126279863
2016-12-14,13.246,62209679,13.2493,13.5333,13.1173,0.1108881118881118
2016-12-15,13.172,48279771,13.2273,13.3827,13.1593,0.0612195833333333
2016-12-16,13.4993,56931632,13.2053,13.506,13.1733,0.0736052631578947
2016-12-19,13.5153,52304029,13.4993,13.63,13.3227,0.1352761421319797
2016-12-20,13.9193,70264000,13.5367,13.9333,13.5,0.1186830128205128
2016-12-21,13.8467,78092106,13.8967,14.1487,13.8273,0.1153270491803278
2016-12-22,13.8967,46626382,13.8813,13.9993,13.7667,0.0943266666666666
2016-12-23,14.2227,70023910,13.8667,14.23,13.8473,0.1655086206896552
2016-12-27,14.6353,88699981,14.3253,14.8167,14.2947,0.1215664705882352
2016-12-28,14.6493,56678132,14.7687,14.92,14.48,0.0458289215686274
2016-12-29,14.312,60646260,14.5707,14.6133,14.2748,0.0387742738589211
2016-12-30,14.246,69619285,14.42,14.5,14.112,0.0990014018691588
2017-01-03,14.466,88522366,14.324,14.6887,14.064,0.0462701923076923
2017-01-04,15.1327,168068316,14.3167,15.2,14.2873,0.0908624821683309
2017-01-05,15.1167,88633861,15.0947,15.1653,14.7967,0.0861379518072289
2017-01-06,15.2673,82862254,15.1287,15.354,15.03,0.1157157088122605
2017-01-09,15.4187,59590710,15.2647,15.4613,15.2,0.091924886877828
2017-01-10,15.3247,54884688,15.4667,15.4667,15.126,0.1136805447470817
2017-01-11,15.3153,54748623,15.2713,15.332,15.112,0.0998703196347032
2017-01-12,15.306,56813177,15.2707,15.38,15.0387,0.1335304761904762
2017-01-13,15.85,91284104,15.3333,15.8567,15.306,0.1684054862842893
2017-01-17,15.7053,69220930,15.78,15.9973,15.6247,0.0814087179487179
2017-01-18,15.8907,56509052,15.7767,15.9807,15.7053,0.144708173076923
2017-01-19,16.2507,115758602,16.4833,16.5787,16.05,0.066329541864139
2017-01-20,16.3153,62995769,16.364,16.4,16.2007,0.1085644549763033
2017-01-23,16.5947,93931408,16.39,16.726,16.3667,0.1187042553191489
2017-01-24,16.974,74372123,16.6667,16.9867,16.6433,0.1069478753541076
2017-01-25,16.9647,77179476,17.154,17.2307,16.7867,0.0903677852348993
2017-01-26,16.834,47155731,16.9527,17.0493,16.7167,0.0571294871794871
2017-01-27,16.8633,47426586,16.7587,16.8667,16.568,0.1363899628252788
2017-01-30,16.7087,56979542,16.8353,17.0193,16.4733,0.1120862944162436
2017-01-31,16.7953,61680164,16.616,17.0593,16.5133,0.113593725490196
2017-02-01,16.616,59296545,16.87,16.88,16.6033,0.1206309352517985
2017-02-02,16.77,37481966,16.556,16.828,16.514,0.1037371134020618
2017-02-03,16.7553,32778434,16.794,16.8119,16.6453,0.0918928229665071
2017-02-06,17.1847,53363973,16.7333,17.188,16.7087,0.09625703125
2017-02-07,17.1653,63660913,17.2127,17.3333,17.0947,0.1271288753799392
2017-02-08,17.472,58686391,17.1567,17.5573,17.08,0.1277667525773196
2017-02-09,17.9467,117188941,17.75,18.0787,17.7433,0.1018314128943758
2017-02-10,17.9487,54275013,17.986,18.0633,17.7407,0.0537748663101604
2017-02-13,18.7067,105346027,18.0493,18.7193,18.034,0.1384935943060498
2017-02-14,18.732,110121695,18.602,19.1593,18.574,0.1257588709677419
2017-02-15,18.6507,74158148,18.6667,18.816,18.4293,0.0382695652173913
2017-02-16,17.93,105957847,18.5067,18.6667,17.9,0.0934178654292343
2017-02-17,18.1487,93771988,17.72,18.1927,17.61,0.1511881395348837
2017-02-21,18.4927,84713583,18.3633,18.76,18.2673,0.1180488826815642
2017-02-22,18.234,128067101,18.6873,18.8967,18.1733,0.0851205782312925
2017-02-23,17.066,223156238,17.6,17.644,17.0373,0.0497067272727272
2017-02-24,17.1333,122502974,16.844,17.2167,16.68,0.0962614699331848
2017-02-27,16.4153,171752314,16.5447,16.5573,16.134,0.0422092735703245
2017-02-28,16.666,91108304,16.2793,16.7333,16.26,0.0671300771208226
2017-03-01,16.668,72074409,16.9453,16.99,16.6073,0.0615647058823529
2017-03-02,16.6987,50186240,16.6473,16.8853,16.5513,0.0252951557093425
2017-03-03,16.7713,43882193,16.716,16.7933,16.6,0.0302695035460992
2017-03-06,16.7473,50303990,16.5273,16.78,16.5007,0.1061895348837209
2017-03-07,16.5727,51788779,16.7947,16.926,16.5547,0.0894485207100591
2017-03-08,16.458,55901162,16.4667,16.6713,16.3547,0.0412179054054053
2017-03-09,16.3267,58147381,16.5087,16.5773,16.2,0.0622617117117117
2017-03-10,16.246,45941752,16.414,16.4333,16.2,-0.0005606557377049
2017-03-13,16.4113,45169177,16.3213,16.4567,16.1854,0.0464741525423728
2017-03-14,17.2,113725728,16.4073,17.208,16.4013,0.113654478976234
2017-03-15,17.0487,78500436,17.1333,17.4,16.9513,0.0786766336633663
2017-03-16,17.47,106907647,17.4933,17.7167,17.2707,0.1066377819548872
2017-03-17,17.4333,97365221,17.6,17.6887,17.4133,0.0732198300283286
2017-03-20,17.4613,54024213,17.3733,17.6367,17.2547,0.0676566666666666
2017-03-21,16.712,103523273,17.522,17.6533,16.6827,0.0300086274509803
2017-03-22,17.0007,60850995,16.7707,17.0047,16.7007,0.0878601123595505
2017-03-23,16.9853,49647635,17.026,17.1781,16.8867,0.1041196721311475
2017-03-24,17.544,84564978,17.0467,17.5927,17.0007,0.0754833922261484
2017-03-27,18.0147,93320368,17.3733,18.038,17.3167,0.1295625698324022
2017-03-28,18.4967,119679915,18.468,18.712,18.3333,0.1217809831824062
2017-03-29,18.492,55087862,18.556,18.64,18.3693,0.0941955489614243
2017-03-30,18.528,62121524,18.536,18.8,18.4807,0.1023136363636363
2017-03-31,18.5533,49405445,18.582,18.6453,18.4213,0.051343956043956
2017-04-03,19.9013,207972646,19.1267,19.9333,18.972,0.1073726053639846
2017-04-04,20.2467,151623374,19.7927,20.3207,19.6353,0.133393734123624
2017-04-05,19.6667,117878416,20.136,20.3253,19.6133,0.1177482371794872
2017-04-06,19.9133,82765924,19.792,20.1293,19.6067,0.0992254777070063
2017-04-07,20.1693,68499446,19.8333,20.1793,19.81,0.07293125
2017-04-10,20.826,114804288,20.61,20.9153,20.5807,0.1268927145708583
2017-04-11,20.5807,85770752,20.892,20.898,20.3667,0.0926762258543833
2017-04-12,19.7893,90654675,20.4227,20.5632,19.7547,0.096206050420168
2017-04-13,20.2667,139135160,19.78,20.4927,19.6867,0.0814545209176788
2017-04-17,20.096,61920974,20.18,20.2667,19.912,0.0735535980148883
2017-04-18,20.0167,45513352,19.98,20.056,19.86,0.0418240579710144
2017-04-19,20.368,58367146,20.164,20.4413,20.1407,0.1011151219512195
2017-04-20,20.1673,92189369,20.434,20.61,20.0153,0.0761756238003838
2017-04-21,20.3733,67529336,20.1333,20.4267,20.028,0.1030276699029126
2017-04-24,20.5353,76166527,20.6147,20.7033,20.4014,0.0533011363636363
2017-04-25,20.9193,101012379,20.5333,20.932,20.3907,0.0660185770750988
2017-04-26,20.678,70246930,20.8247,20.9667,20.6,0.0714376657824933
2017-04-27,20.5753,51939919,20.7793,20.8727,20.5,0.0670641337386018
2017-04-28,20.938,67449851,20.6553,20.9867,20.5333,0.0702562130177514
2017-05-01,21.522,132298254,20.992,21.8167,20.9873,0.1118532883642495
2017-05-02,21.2593,79748225,21.6,21.844,21.104,0.082230652173913
2017-05-03,20.7347,103188833,21.178,21.4353,20.6967,0.0834128415300546
2017-05-04,19.6973,212039744,20.4957,20.518,19.384,0.0947704457364341
2017-05-05,20.5567,121761674,19.8667,20.57,19.7867,0.0764128113879003
2017-05-08,20.4793,105043552,20.7267,20.9193,20.388,0.1011242677824267
2017-05-09,21.4173,144950538,20.6253,21.466,20.6067,0.1270597633136095
2017-05-10,21.6813,86017817,21.4373,21.7,21.208,0.1597698412698412
2017-05-11,21.54,71207544,21.56,21.7333,21.3067,0.1078927710843373
2017-05-12,21.654,61779164,21.6987,21.8,21.4353,0.0891786324786324
2017-05-15,21.0587,114102753,21.2253,21.3467,20.8353,0.0596172268907563
2017-05-16,21.134,62115959,21.1727,21.3373,21.0093,0.0776552050473186
2017-05-17,20.4073,100434805,20.9593,20.9753,20.3667,0.0735290196078431
2017-05-18,20.8707,84137253,20.4667,20.9293,20.354,0.0525567823343848
2017-05-19,20.722,69818665,21.0333,21.1,20.68,0.0720330612244898
2017-05-22,20.69,64864543,20.8533,20.958,20.4533,0.021324548736462
2017-05-23,20.2573,64713973,20.6973,20.7153,20.232,0.0788824657534246
2017-05-24,20.6813,75527842,20.434,20.7333,20.36,0.0777899721448468
2017-05-25,21.122,75006442,20.7347,21.1313,20.5207,0.1039234536082474
2017-05-26,21.676,116895077,21.152,21.6993,21.0873,0.1067762863534675
2017-05-30,22.34,116572982,21.7333,22.4187,21.7173,0.1252742798353909
2017-05-31,22.734,149063265,22.5127,22.8593,22.344,0.0990536423841059
2017-06-01,22.6913,114026403,22.9333,22.992,22.486,0.1045574297188755
2017-06-02,22.6567,83759238,22.6513,22.8587,22.3953,0.0951820512820512
2017-06-05,23.1547,101537559,22.5667,23.2293,22.2807,0.0913766179540709
2017-06-06,23.5233,165478717,22.98,23.9662,22.6647,0.104120697167756
2017-06-07,23.9767,140230310,23.756,24.0333,23.676,0.1045321839080459
2017-06-08,24.6667,135430087,24.25,24.7933,24.0147,0.0601255689424364
2017-06-09,23.8213,258750771,24.9613,25.1247,23.6533,0.0939329931972789
2017-06-12,23.934,157617821,23.866,24.3,23.3747,0.0918045064377682
2017-06-13,25.0633,176600462,24.508,25.0667,24.4407,0.1192056417489421
2017-06-14,25.3773,191677104,25.4057,25.6167,25.0873,0.0990857359635811
2017-06-15,25.0227,156189672,24.8333,25.0307,24.4327,0.0967530020703933
2017-06-16,24.76,95211702,25.1983,25.2007,24.6733,0.0987058641975308
2017-06-19,24.6533,96501462,25.0,25.1133,24.52,0.1036898058252427
2017-06-20,24.816,111286594,25.1113,25.2587,24.6487,0.0861127999999999
2017-06-21,25.0933,73751513,24.9567,25.1327,24.5347,0.1146874371859296
2017-06-22,25.5073,112656034,25.1993,25.6667,24.9047,0.1135768608414239
2017-06-23,25.5633,96377652,25.4967,25.7993,25.2897,0.1090475124378109
2017-06-26,25.166,98952761,25.7793,25.7967,24.8733,0.0878059561128526
2017-06-27,24.158,104662358,25.0933,25.0933,24.1347,0.1138363636363636
2017-06-28,24.7493,94354798,24.4453,24.7827,24.168,0.0723818181818181
2017-06-29,24.05,123036883,24.7073,24.7333,23.6067,0.1005641752577319
2017-06-30,24.1073,87345646,24.2473,24.4512,23.9746,0.1395402898550724
2017-07-03,23.508,94580968,24.6827,24.7567,23.4333,0.103604628501827
2017-07-05,21.806,254974373,23.1467,23.1493,21.7553,0.0705557142857142
2017-07-06,20.5887,288870456,21.1507,21.386,20.42,0.0798363579863269
2017-07-07,20.8813,211949144,20.9,21.1333,20.492,0.0875252446183953
2017-07-10,21.07,206404247,20.86,21.196,20.2087,0.1017317164179104
2017-07-11,21.8147,172901314,21.0667,21.8187,20.9533,0.0933683211678832
2017-07-12,21.968,154758523,22.0267,22.2067,21.6333,0.0926282520325203
2017-07-13,21.5607,128734661,22.0073,22.1067,21.3313,0.14192
2017-07-14,21.852,84118818,21.546,21.8947,21.4147,0.1087260188087774
2017-07-17,21.3047,147412516,21.7027,21.8067,20.8967,0.0390756666666666
2017-07-18,21.8827,95410602,21.1667,21.942,21.044,0.0983139583333333
2017-07-19,21.684,95188212,21.882,22.11,21.548,0.0614907730673316
2017-07-20,21.9947,77137701,21.7933,22.0147,21.6133,0.1149431554524362
2017-07-21,21.8933,73075583,21.964,22.0838,21.72,0.0818632587859425
2017-07-24,22.8347,128974316,22.016,22.8933,22.0007,0.1579378260869565
2017-07-25,22.64,104668928,23.0,23.04,22.2767,0.111681279620853
2017-07-26,22.9233,72142674,22.6907,23.0333,22.5413,0.1027342372881355
2017-07-27,22.2973,124288123,23.0667,23.1667,21.7527,0.0794262872628726
2017-07-28,22.338,73048328,22.4593,22.64,22.1673,0.1144114285714285
2017-07-31,21.5647,127881746,22.3667,22.766,21.4027,0.0407896373056994
2017-08-01,21.3047,124274893,21.5333,21.63,21.0753,0.0630551785714285
2017-08-02,21.726,179135160,21.2627,21.808,20.748,0.095481406044678
2017-08-03,23.1393,202863949,23.022,23.3333,22.8767,0.0703005770816158
2017-08-04,23.794,138499356,23.1333,23.818,22.8867,0.1267081081081081
2017-08-07,23.678,94639918,23.8233,23.9653,23.5167,0.0411996610169491
2017-08-08,24.348,111477514,23.8353,24.572,23.8267,0.0871065292096219
2017-08-09,24.2353,103217678,24.0667,24.6667,23.93,0.1122852459016393
2017-08-10,23.6933,105945757,24.1067,24.4434,23.644,0.1259485193621868
2017-08-11,23.858,65363397,23.798,24.084,23.5747,0.0894444117647058
2017-08-14,24.2533,67619501,24.3087,24.5107,24.1733,0.1187488997555012
2017-08-15,24.1553,46268992,24.3467,24.366,23.958,0.083088178913738
2017-08-16,24.194,51092569,24.2,24.4333,24.168,0.1269536082474227
2017-08-17,23.4613,75162337,24.0807,24.22,23.4393,0.0670265573770491
2017-08-18,23.164,80862035,23.5273,23.6,23.0533,0.0650627177700348
2017-08-21,22.524,97347701,23.0547,23.0547,22.1233,0.0736880597014925
2017-08-22,22.7567,64713988,22.742,22.816,22.4915,0.1171787401574803
2017-08-23,23.518,74129168,22.5993,23.566,22.5536,0.1609684065934066
2017-08-24,23.5287,68573576,23.5013,23.7773,23.316,0.0793838487972508
2017-08-25,23.2033,52127764,23.616,23.7127,23.1533,0.1167061224489795
2017-08-28,23.044,56193572,23.152,23.1567,22.648,0.1009871794871794
2017-08-29,23.1573,61039514,22.632,23.27,22.5833,0.1504354330708661
2017-08-30,23.5453,51062449,23.3113,23.5647,23.1333,0.1019003773584905
2017-08-31,23.7267,60949920,23.57,23.896,23.5213,0.0827054347826087
2017-09-01,23.6933,45728227,23.7413,23.8393,23.5794,0.1152824561403508
2017-09-05,23.306,57546001,23.5867,23.6993,23.0593,0.100475965665236
2017-09-06,22.9687,61229984,23.3,23.3986,22.7707,0.1068926724137931
2017-09-07,23.374,63525643,23.0653,23.4987,22.8967,0.0898902173913043
2017-09-08,22.8933,48919971,23.266,23.3187,22.82,0.0791831578947368
2017-09-11,24.246,114764943,23.4233,24.2473,23.3333,0.1212058500914076
2017-09-12,24.1833,89493015,24.2993,24.584,24.0267,0.0595937915742793
2017-09-13,24.4153,62567744,24.2547,24.538,23.9727,0.1162555240793201
2017-09-14,25.176,107553891,24.2887,25.1973,24.1753,0.1403898050974512
2017-09-15,25.3207,81108364,24.9673,25.3333,24.8467,0.1121495677233429
2017-09-18,25.6667,107666541,25.35,25.974,25.1787,0.1329935742971887
2017-09-19,25.0067,96528072,25.3333,25.4927,24.9047,0.0977358974358974
2017-09-20,24.9273,73649333,24.8667,25.2166,24.738,0.0954758893280632
2017-09-21,24.432,69163045,24.9933,25.122,24.3007,0.0643853383458646
2017-09-22,23.406,122143364,24.4327,24.66,23.392,0.0703781563126252
2017-09-25,22.9993,113807313,23.5433,23.8313,22.8587,0.0767476063829787
2017-09-26,23.0167,107244681,23.3953,23.416,22.7267,0.0487305210918114
2017-09-27,22.7313,90410580,23.3267,23.4326,22.7,0.09471
2017-09-28,22.64,79646645,22.6587,22.85,22.36,0.0543501483679525
2017-09-29,22.74,76485727,22.7907,22.9787,22.5734,0.114643842364532
2017-10-02,22.7687,78413166,22.8347,22.9133,22.3673,0.0452967010309278
2017-10-03,23.2093,151838174,22.3933,23.2367,22.0853,0.0819214084507042
2017-10-04,23.6673,122219864,23.4167,23.908,23.3067,0.0841142372881356
2017-10-05,23.6887,62518664,23.7333,23.829,23.4233,0.1309609065155807
2017-10-06,23.792,64092958,23.54,24.0066,23.4833,0.1488994525547445
2017-10-09,22.8627,111921859,23.31,23.45,22.8447,0.1298736245954692
2017-10-10,23.706,104583893,23.12,23.7087,23.0354,0.1278777955271565
2017-10-11,23.64,67420961,23.5927,23.84,23.41,0.1566312649164677
2017-10-12,23.712,61103249,23.53,23.9853,23.5093,0.1874075880758807
2017-10-13,23.7047,53082078,23.7987,23.8993,23.5787,0.2031243749999999
2017-10-16,23.3733,80596310,23.584,23.632,23.144,0.134936569579288
2017-10-17,23.7167,49354325,23.394,23.748,23.338,0.1425101408450704
2017-10-18,23.9767,74040323,23.7313,24.2,23.6087,0.1661151578947368
2017-10-19,23.454,75835687,23.704,23.8098,23.2133,0.1266584158415841
2017-10-20,23.0067,73884818,23.5127,23.6367,22.956,0.1531717616580311
2017-10-23,22.468,86093927,23.3253,23.33,22.4167,0.126444071146245
2017-10-24,22.4893,67285346,22.5867,22.8533,22.4107,0.0941959595959596
2017-10-25,21.7227,128754221,22.4467,22.5,21.5707,0.0745923214285714
2017-10-26,21.7447,75151267,21.852,22.0153,21.5467,0.1106164215686274
2017-10-27,21.3913,104525423,21.3167,21.6393,21.1107,0.0557225378787878
2017-10-30,21.3387,63714253,21.2787,21.5853,21.15,0.1073424615384615
2017-10-31,22.102,84750888,21.3487,22.13,21.3453,0.1652296116504854
2017-11-01,21.4053,123637243,22.15,22.1739,21.3507,0.0590950765136393
2017-11-02,19.9507,296569052,20.0087,20.5793,19.5087,0.0427734567901234
2017-11-03,20.406,133288928,19.9667,20.4167,19.6753,0.0842331641285956
2017-11-06,20.1853,97210286,20.4667,20.5,19.934,0.1484238219895287
2017-11-07,20.4033,79272620,20.068,20.4333,20.002,0.0867290322580645
2017-11-08,20.2927,70880290,20.3667,20.4593,20.0867,0.0857137651821862
2017-11-09,20.1993,81602554,20.1667,20.2973,19.7533,0.1212518272425249
2017-11-10,20.1993,69316165,20.1667,20.5573,20.1233,0.0823188059701492
2017-11-13,21.0267,113478573,20.0087,21.12,19.9407,0.1067752883031301
2017-11-14,20.58,84928518,21.0,21.09,20.46,0.0889464285714285
2017-11-15,20.7533,89277480,20.4007,20.8327,20.1,0.1261536082474227
2017-11-16,20.8333,86916092,20.9327,21.2093,20.7533,0.1018562616822429
2017-11-17,21.0033,205812347,21.7113,21.778,20.8767,0.1050115598182735
2017-11-20,20.5827,123627253,20.9193,21.0333,20.3167,0.1339275049115913
2017-11-21,21.1873,108845661,20.724,21.2153,20.5807,0.1403005474452554
2017-11-22,20.84,73699208,21.118,21.1613,20.7893,0.1533805128205128
2017-11-24,21.0367,48660951,20.9193,21.094,20.7333,0.1788181818181818
2017-11-27,21.1207,68066651,20.8833,21.156,20.634,0.1791339563862928
2017-11-28,21.17,74125508,21.0907,21.3333,20.928,0.1114312101910827
2017-11-29,20.5027,131361879,21.1533,21.2,20.082,0.0641965601965602
2017-11-30,20.59,65181477,20.5707,20.7133,20.3027,0.0560354929577464
2017-12-01,20.4353,64291198,20.3627,20.688,20.3367,0.1148446564885496
2017-12-04,20.3467,87513361,20.4333,20.551,20.0407,0.1692155844155844
2017-12-05,20.2467,69655585,20.1333,20.5333,20.0667,0.1668740634005763
2017-12-06,20.884,107767101,20.0067,20.8927,20.0,0.1587137566137566
2017-12-07,20.7493,71693814,20.8,21.2423,20.7367,0.2169675
2017-12-08,21.0087,51991294,20.9733,21.132,20.7507,0.1992811475409835
2017-12-11,21.9273,118891291,20.9753,21.934,20.9167,0.1993745575221239
2017-12-12,22.7353,130733485,22.03,22.7627,22.002,0.1496572357723577
2017-12-13,22.602,93265468,22.7287,22.948,22.4333,0.219972236503856
2017-12-14,22.526,86880317,22.734,23.1627,22.46,0.1451336956521739
2017-12-15,22.8967,103818638,22.8027,22.9267,22.384,0.1697757281553397
2017-12-18,22.5913,81998149,22.9933,23.1153,22.5053,0.2234335766423358
2017-12-19,22.0733,102312969,22.684,22.7662,22.02,0.1592581047381546
2017-12-20,21.932,88610626,22.1793,22.2067,21.6693,0.2305270516717325
2017-12-21,22.1107,65549877,21.9727,22.2493,21.814,0.2035185303514377
2017-12-22,21.68,63113998,21.9673,22.0614,21.6547,0.1877010273972602
2017-12-26,21.1527,65530452,21.5887,21.596,21.1053,0.1704334710743801
2017-12-27,20.776,70576225,21.0667,21.1787,20.7167,0.1524995464852608
2017-12-28,21.024,64601158,20.7833,21.0547,20.636,0.1673763473053892
2017-12-29,20.7567,56542532,21.0787,21.094,20.6667,0.2023884615384615
2018-01-02,21.3687,65184192,20.8,21.474,20.7333,0.155604016064257
2018-01-03,21.15,66577767,21.4,21.6833,21.0367,0.0621364035087719
2018-01-04,20.9747,149168820,20.858,21.2367,20.3787,0.0991065637065637
2018-01-05,21.1053,68830886,21.108,21.1493,20.8,0.2396821428571428
2018-01-08,22.4273,147489076,21.0667,22.468,21.0333,0.1515041970802919
2018-01-09,22.246,107017821,22.344,22.5867,21.827,0.0845058823529411
2018-01-10,22.32,64545763,22.1467,22.4667,22.0,0.1580026936026936
2018-01-11,22.53,99612895,22.3493,22.9873,22.2173,0.1639784461152882
2018-01-12,22.4147,72337599,22.5753,22.694,22.2447,0.1796697674418604
2018-01-16,22.6707,96438462,22.5027,23.0,22.32,0.1617714788732394
2018-01-17,23.144,106388257,22.698,23.2667,22.65,0.1372443243243243
2018-01-18,22.9713,85194392,23.0447,23.4867,22.916,0.0656834269662921
2018-01-19,23.3347,73067678,23.0,23.3727,22.84,0.099983628318584
2018-01-22,23.4373,92996609,23.2933,23.8553,23.28,0.122760294117647
2018-01-23,23.5193,81714289,24.0,24.0333,23.4,0.1319516605166051
2018-01-24,23.0593,79160750,23.6387,23.65,22.9013,0.1198831746031746
2018-01-25,22.5093,100878070,23.218,23.28,22.4267,0.0680372596153846
2018-01-26,22.8567,68031821,22.7667,22.9333,22.3807,0.1335747440273037
2018-01-29,23.302,71073084,22.6567,23.39,22.552,0.1202574525745257
2018-01-30,23.0547,70660225,23.0093,23.218,22.8113,0.1372518248175182
2018-01-31,23.6207,92990549,23.1673,23.746,23.0127,0.124025147928994
2018-02-01,23.2833,62811569,23.4,23.9773,23.242,0.1060331491712707
2018-02-02,22.9167,55442327,23.2293,23.4633,22.7007,0.1251147651006711
2018-02-05,22.2087,66617457,22.5313,22.9647,22.2,0.145306015037594
2018-02-06,22.2647,76200442,21.6807,22.4147,21.5667,0.1226431372549019
2018-02-07,23.0,100945180,22.5993,23.0667,22.3773,0.095835777385159
2018-02-08,21.0153,154446223,22.8873,23.2413,20.9733,0.0715582969432314
2018-02-09,20.6947,193866353,21.3287,21.399,19.6507,0.1046255769230769
2018-02-12,21.0487,93367138,21.0753,21.2053,20.4167,0.1729239057239057
2018-02-13,21.5773,68319431,21.0013,21.6127,20.834,0.1178035256410256
2018-02-14,21.4873,59221125,21.3893,21.7447,21.2347,0.1183121874999999
2018-02-15,22.271,88647301,21.6333,22.2747,21.4933,0.0952573643410852
2018-02-16,22.366,84602718,22.1667,22.8747,22.1093,0.1154726688102893
2018-02-20,22.318,60089400,22.298,22.7227,22.1,0.0983584507042253
2018-02-21,22.22,48108726,22.402,22.6462,22.2113,0.0573251243781094
2018-02-22,23.078,104428148,22.3687,23.1627,22.3167,0.0914536423841059
2018-02-23,23.47,87212611,23.1887,23.666,23.14,0.1014809523809523
2018-02-26,23.828,65017467,23.5667,23.9333,23.4903,0.1005970588235294
2018-02-27,23.3993,71775294,23.75,23.9993,23.334,0.1123647058823529
2018-02-28,22.8707,90990615,23.5047,23.6827,22.8147,0.0582168639053254
2018-03-01,22.062,103088228,23.0007,23.2447,22.0047,0.0902461333333333
2018-03-02,22.3413,76331797,21.7987,22.348,21.5313,0.075811528150134
2018-03-05,22.2233,57310501,22.1593,22.5167,21.9529,0.0592863333333333
2018-03-06,21.88,63547213,22.25,22.4247,21.802,0.1763607142857142
2018-03-07,22.1533,75029062,21.696,22.1667,21.4493,0.0844177083333333
2018-03-08,21.94,52715479,22.1907,22.22,21.7516,0.0536364077669902
2018-03-09,21.8113,82541644,21.6067,21.8993,21.4913,0.0724565632458233
2018-03-12,23.034,123793723,21.9073,23.1473,21.7667,0.0911120071684587
2018-03-13,22.7893,89409495,22.9947,23.008,22.4176,0.114999537037037
2018-03-14,21.7753,119282220,22.4507,22.654,21.5953,0.0461432267884322
2018-03-15,21.7067,98318471,21.9587,22.19,21.4067,0.0982709606986899
2018-03-16,21.4233,91700429,21.7307,21.8267,21.2713,0.1106811320754717
2018-03-19,20.904,112018294,21.1,21.3833,20.6447,0.0178798370672097
2018-03-20,20.7033,71415429,20.9913,21.0833,20.584,0.077837912087912
2018-03-21,21.102,89313660,20.6833,21.496,20.6793,0.105063671875
2018-03-22,20.6067,73873883,20.926,21.2547,20.5453,0.1566182008368201
2018-03-23,20.1027,99599350,20.75,20.774,20.03,0.1338497382198953
2018-03-26,20.2787,125473992,20.4893,20.506,19.424,0.0971647058823529
2018-03-27,18.612,206805797,20.2667,20.2847,18.4787,0.0417980529595015
2018-03-28,17.1853,314434043,17.6387,17.912,16.8067,0.0458949181253529
2018-03-29,17.742,225216487,17.0993,18.064,16.5473,0.0457445685909373
2018-04-02,16.832,241399229,17.084,17.3555,16.306,0.0162024585125998
2018-04-03,17.8353,282444609,17.988,18.2233,16.966,0.0548447731755424
2018-04-04,19.1293,298202551,16.852,19.2247,16.8,0.0925672772689425
2018-04-05,20.3813,285387757,19.2893,20.4173,19.2133,0.0730035789473684
2018-04-06,19.9533,202747849,20.0667,20.6187,19.7,0.0567610142630744
2018-04-09,19.3107,153621073,20.0247,20.6333,19.2807,0.0720568862275449
2018-04-10,20.3133,165255067,19.9313,20.4733,19.5787,0.1363743362831858
2018-04-11,20.062,112053004,20.0493,20.5987,19.9773,0.1079977307110438
2018-04-12,19.6053,113932818,20.1547,20.2633,19.5787,0.064244923857868
2018-04-13,20.0227,109788320,20.24,20.2633,19.732,0.0916309359605911
2018-04-16,19.414,94342408,19.9333,19.9773,19.2673,0.01707136
2018-04-17,19.1793,103967228,19.258,19.478,18.834,0.0646464879852125
2018-04-18,19.5567,97973396,19.4053,20.016,19.2107,0.083356662665066
2018-04-19,20.0053,91256954,19.4053,20.0673,19.2367,0.0446968911917098
2018-04-20,19.3493,84339408,19.678,19.9987,19.3167,0.0530655642023346
2018-04-23,18.8913,73211108,19.4193,19.4413,18.822,0.0808993243243243
2018-04-24,18.8973,85173587,19.0,19.1393,18.564,0.0889457700650759
2018-04-25,18.7127,60006285,18.9,19.0107,18.4833,0.1252360655737704
2018-04-26,19.032,65221587,18.5833,19.0527,18.4333,0.0596222426470588
2018-04-27,19.605,65202777,19.0247,19.6313,18.922,0.0832187399030694
2018-04-30,19.5933,63360988,19.574,19.9153,19.5,0.0762879245283018
2018-05-01,19.9947,69224155,19.5673,20.0547,19.548,0.07930413354531
2018-05-02,20.0767,125192577,19.9047,20.4567,19.8523,0.0643432842287695
2018-05-03,18.9633,260086220,18.586,19.2027,18.3487,0.0334423442014032
2018-05-04,19.606,128482526,18.8667,19.7907,18.6347,0.06205090765588
2018-05-07,20.1847,130096285,19.8333,20.3973,19.678,0.1113955964771817
2018-05-08,20.1313,88911661,20.053,20.5167,19.9333,0.0893269461077844
2018-05-09,20.4567,85683782,20.0273,20.4673,20.0033,0.0596607238605898
2018-05-10,20.3347,84641523,20.5,20.866,20.2741,0.0563221945137157
2018-05-11,20.0707,69979780,20.5133,20.592,19.9387,0.0912084507042253
2018-05-14,19.4647,108982461,20.2213,20.3293,19.4413,0.0160874100719424
2018-05-15,18.9453,142646224,19.0007,19.1307,18.7,0.0273071615720524
2018-05-16,19.0987,85044617,18.922,19.254,18.7707,0.0535458810068649
2018-05-17,18.9693,66273837,19.06,19.2792,18.9313,0.0860673559822747
2018-05-18,18.4547,108655431,18.9767,18.9767,18.2667,0.0583046511627907
2018-05-21,18.966,137517591,18.7553,19.4327,18.7533,0.0318540491355778
2018-05-22,18.334,134077448,19.1841,19.2,18.2281,0.0844973305954825
2018-05-23,18.6047,89583510,18.5173,18.6607,18.2667,0.0261939842209073
2018-05-24,18.5233,62561804,18.56,18.7407,18.326,0.0485792560801144
2018-05-25,18.59,58089286,18.5083,18.6427,18.374,0.0505333785617367
2018-05-29,18.9173,84857253,18.5673,19.1,18.41,0.040670185449358
2018-05-30,19.448,112103794,18.886,19.667,18.7733,0.0632758448060075
2018-05-31,18.982,88692331,19.1473,19.358,18.862,0.1122420204978038
2018-06-01,19.4547,81269719,19.0573,19.4633,18.9226,0.0575594005449591
2018-06-04,19.7827,71906769,19.6227,19.9333,19.5699,0.0895825301204819
2018-06-05,19.4087,88168051,19.8467,19.8533,19.116,0.0747905231984205
2018-06-06,21.3,281135859,20.0333,21.478,19.832,0.0879331301939058
2018-06-07,21.0727,215041542,21.0767,22.0,20.9053,0.0531572151898734
2018-06-08,21.1773,122882564,21.2667,21.632,21.1433,0.1038508426966292
2018-06-11,22.14,197490651,21.5007,22.3107,21.5,0.0626951754385964
2018-06-12,22.8513,333846283,22.98,23.6647,22.5333,0.0709436953165208
2018-06-13,22.9853,141021934,23.1137,23.1467,22.6533,0.0931624209575429
2018-06-14,23.848,164417168,23.1753,23.9167,23.1067,0.0866481308411215
2018-06-15,23.878,162413319,23.5893,24.3113,23.4167,0.0551896367521367
2018-06-18,24.722,180381660,23.6933,24.9153,23.6333,0.019150167000668
2018-06-19,23.5033,191022504,24.344,24.6667,23.0833,0.0227777861445783
2018-06-20,24.148,125553957,23.8693,24.292,23.4667,0.0589301587301587
2018-06-21,23.1673,119247630,24.1333,24.4143,23.0847,0.0284513671875
2018-06-22,22.242,153806473,23.436,23.4833,22.1333,0.0345959010600706
2018-06-25,22.2007,103876283,22.008,22.5647,21.8333,0.013628040201005
2018-06-26,22.8,111521179,22.4036,22.9033,21.7199,0.0567912612612612
2018-06-27,22.9667,124707193,23.0,23.386,22.6333,0.0535824931255728
2018-06-28,23.3287,125822517,23.244,23.8013,23.074,0.0559002525252525
2018-06-29,22.8633,97138496,23.5553,23.5907,22.8273,0.0870735439289239
2018-07-02,22.338,280990510,24.0047,24.3187,21.99,0.1035381074168797
2018-07-03,20.724,184239508,22.1167,22.166,20.646,0.0556047058823529
2018-07-05,20.6107,261863419,20.9173,20.9593,19.748,0.0745833237822349
2018-07-06,20.5933,132902904,20.3303,20.8047,20.1333,0.0758614516129032
2018-07-09,21.234,113693058,20.7993,21.2347,20.5333,0.087167059891107
2018-07-10,21.498,141563284,21.6373,21.8452,21.28,0.0933156130997715
2018-07-11,21.264,73178888,21.0533,21.4627,21.0047,0.0636029580152671
2018-07-12,21.114,85677722,21.4287,21.5487,20.8513,0.0876313465783664
2018-07-13,21.258,88001596,21.0387,21.3057,20.6167,0.0970827033218785
2018-07-16,20.6733,117006751,20.7807,21.0107,20.4167,0.0799155444721529
2018-07-17,21.5127,104816678,20.5873,21.6493,20.5667,0.1020024822695035
2018-07-18,21.59,84151233,21.6667,21.7,21.0833,0.0940694022289767
2018-07-19,21.3487,88606696,21.0887,21.5693,20.934,0.0885749185667752
2018-07-20,20.9053,77397426,21.4153,21.5493,20.7806,0.0670682509505703
2018-07-23,20.2133,164622218,20.1227,20.3667,19.524,0.0625053110047847
2018-07-24,19.8287,143792718,20.2947,20.5145,19.503,0.0167401546698393
2018-07-25,20.5827,105470677,19.7827,20.6413,19.6335,0.059175869262865
2018-07-26,20.4433,69293470,20.3233,20.7133,20.2428,0.0336444444444444
2018-07-27,19.812,85420307,20.4833,20.5129,19.6894,0.0833647276084949
2018-07-30,19.3447,101993664,19.7267,19.74,19.0753,0.1076964757709251
2018-07-31,19.876,75826372,19.4833,19.888,19.2713,0.0769492776886035
2018-08-01,20.056,131521419,19.866,20.2,19.5333,0.092226554296767
2018-08-02,23.3027,347387226,21.896,23.3327,21.544,0.1316957956914524
2018-08-03,23.2113,204699498,23.1873,23.6667,22.8353,0.1247022924901185
2018-08-06,22.7993,128051426,23.0307,23.6653,22.788,0.1199144841269841
2018-08-07,25.3047,458945771,22.9227,25.8307,22.61,0.0905831972566949
2018-08-08,24.6893,368031116,24.606,25.5093,24.4747,0.063023278175313
2018-08-09,23.4967,254276873,24.37,24.4673,23.0487,0.0707601600985221
2018-08-10,23.6993,172957564,23.6,24.0,23.0667,0.0649695722356739
2018-08-13,23.7607,156673722,24.0753,24.2127,23.268,0.0782258735767569
2018-08-14,23.176,104227613,23.8967,23.9466,23.14,0.0539274213322435
2018-08-15,22.5793,136095427,22.7937,22.966,22.1427,0.0575662134322208
2018-08-16,22.3633,90680835,22.6607,22.8187,22.2547,0.042385977125808
2018-08-17,20.3667,283438058,21.5667,21.7847,20.2353,0.037426116333725
2018-08-20,20.5627,260706320,19.4469,20.5667,19.2133,0.0620616295264623
2018-08-21,21.46,197216451,20.7073,21.6527,20.6,0.0699678793681187
2018-08-22,21.4427,89037750,21.3913,21.592,20.978,0.1011028717948717
2018-08-23,21.34,77080236,21.276,21.8213,21.2067,0.0705953926022063
2018-08-24,21.5213,53890983,21.38,21.59,21.2933,0.0558127613554434
2018-08-27,21.2847,195939652,21.2,21.4957,20.5873,0.0628709471766848
2018-08-28,20.7907,114591738,21.2273,21.2587,20.746,0.0506617469879518
2018-08-29,20.334,111158014,20.6847,20.79,20.246,0.0460558957654723
2018-08-30,20.21,108159321,20.1507,20.3067,19.848,0.0819246960486322
2018-08-31,20.1107,80505680,20.1333,20.3539,19.9067,0.0816197262479871
2018-09-04,19.2633,124568503,19.796,19.8793,19.2,0.0564640750670241
2018-09-05,18.716,115610072,19.0033,19.1187,18.4787,0.0314231238560097
2018-09-06,18.73,112091284,18.9867,19.4113,18.592,0.0677891021247429
2018-09-07,17.5493,336634482,17.34,17.89,16.817,0.0835470644850818
2018-09-10,19.0333,213483643,18.2173,19.0687,18.0667,0.1048054687499999
2018-09-11,18.6293,137415846,18.6313,18.8,18.2367,0.0668277777777777
2018-09-12,19.3693,150032175,18.7627,19.5,18.5764,0.1076480795610425
2018-09-13,19.2973,94999168,19.2013,19.6667,19.012,0.111392084006462
2018-09-14,19.68,101364729,19.2507,19.8217,19.1013,0.0725020516717325
2018-09-17,19.656,102993069,19.336,20.058,19.2087,0.0463745521927115
2018-09-18,18.9973,247414076,19.7793,20.176,18.3667,0.007590310225967
2018-09-19,19.9347,123965233,18.7007,20.0,18.7,0.041270664206642
2018-09-20,19.8887,109987100,20.2373,20.3987,19.5553,0.0858636513157894
2018-09-21,19.94,75577417,19.8467,20.0387,19.6913,0.1060297932330827
2018-09-24,19.9787,72515724,19.8987,20.2,19.572,0.0752244186046511
2018-09-25,20.066,67084271,20.0,20.3067,19.7667,0.0734968547641073
2018-09-26,20.6387,117537886,20.1273,20.926,20.074,0.1289732530120481
2018-09-27,20.5013,110066345,20.86,20.9973,20.4607,0.0083979121221564
2018-09-28,17.6513,503959098,18.0173,18.5333,17.3703,0.0246931484502446
2018-10-01,20.7133,325712987,20.3847,20.7627,20.07,0.1245343917368018
2018-10-02,20.068,175495262,20.93,21.1227,19.9433,0.0762135173058933
2018-10-03,19.6533,119734020,20.222,20.3067,19.438,0.0560508509189925
2018-10-04,18.7887,144583203,19.5967,19.6,18.5113,0.0425993652137113
2018-10-05,17.4633,268510516,18.31,18.3253,17.3333,0.032661472024033
2018-10-08,16.704,200567600,17.6347,17.8507,16.6,0.0728395576131687
2018-10-09,17.52,180566610,17.0167,17.7847,16.8867,0.0985089425981873
2018-10-10,17.1253,191723304,17.6407,17.7007,16.518,0.0886793388429752
2018-10-11,16.8153,121922699,17.1687,17.4833,16.602,0.0910005295007564
2018-10-12,17.252,107838801,17.4,17.466,16.8007,0.1012701769165964
2018-10-15,17.306,92835344,17.2707,17.552,16.9691,0.1055754184100418
2018-10-16,18.4393,142516729,17.7133,18.4917,17.4827,0.0898392301392301
2018-10-17,18.1187,129554170,18.8267,18.8467,17.7202,0.0793102409638554
2018-10-18,17.594,81028024,17.9527,18.0667,17.5333,0.0619640766902119
2018-10-19,17.3333,140171390,17.826,17.9773,16.9,0.0447110148514851
2018-10-22,17.3967,83922783,17.3787,17.4573,16.8393,0.0451599073001158
2018-10-23,19.6093,284343008,17.5913,19.862,17.4733,0.1076423535253227
2018-10-24,19.2333,290256605,20.07,20.296,19.0487,0.1440111416781293
2018-10-25,20.9907,311574894,21.148,21.4,20.0673,0.1447411887819171
2018-10-26,22.06,410703095,20.55,22.66,20.4433,0.0617473142345568
2018-10-29,22.3233,216827142,22.498,23.144,21.7667,0.1261179741051028
2018-10-30,21.9933,136636732,21.8927,22.5267,21.484,0.1168048140043763
2018-10-31,22.488,114012543,22.1693,22.8,21.94,0.1167024338624338
2018-11-01,22.952,119714130,22.5507,23.1893,22.315,0.1296245858761987
2018-11-02,23.094,116998742,22.916,23.28,22.7273,0.1332230152365677
2018-11-05,22.76,117312616,22.7,22.9303,22.0093,0.1048745652173913
2018-11-06,22.7373,101278899,22.6047,23.2533,22.406,0.0884136363636363
2018-11-07,23.2107,110500535,22.8893,23.412,22.72,0.1030963585434173
2018-11-08,23.4267,106202992,23.2333,23.8384,23.2293,0.1224233644859813
2018-11-09,23.3673,76401802,23.2667,23.6,23.0153,0.1238335978835978
2018-11-12,22.0853,103754423,23.2247,23.3187,22.0227,0.1308918340026773
2018-11-13,22.582,81341299,22.2107,22.98,22.1467,0.101834659090909
2018-11-14,22.9333,75481207,22.8467,23.1407,22.4767,0.1052701472556894
2018-11-15,23.2293,69001915,22.822,23.2387,22.6027,0.0727989733059548
2018-11-16,23.6207,107916816,23.0127,23.7133,23.008,0.1020442125237191
2018-11-19,23.5647,145478312,23.756,24.45,23.5253,0.1023988917306052
2018-11-20,23.166,119868735,22.7833,23.32,22.2367,0.1072340361445783
2018-11-21,22.546,70160800,23.4667,23.54,22.4933,0.0785860294117647
2018-11-23,21.722,63039598,22.2897,22.5,21.7033,0.1438086477987421
2018-11-26,23.0667,119596725,21.6667,23.0813,21.6667,0.0385072972972972
2018-11-27,22.928,95205012,22.67,23.1307,22.3667,0.053635673076923
2018-11-28,23.1913,61710539,23.066,23.2187,22.814,0.1148326481257557
2018-11-29,22.7447,46140367,23.1333,23.1667,22.6367,0.0529453287197231
2018-11-30,23.3653,84316518,22.7887,23.44,22.551,0.0656135135135135
2018-12-03,23.8993,124437583,24.0,24.4,23.4667,0.1116614925373134
2018-12-04,23.98,126453132,23.7367,24.5787,23.4667,0.0941358013120899
2018-12-06,24.204,117430276,23.734,24.492,23.384,0.099872718720602
2018-12-07,23.8643,172265164,24.6,25.2993,23.8433,0.119695747696669
2018-12-10,24.3433,98630066,24.0,24.3987,23.5413,0.0586533233756534
2018-12-11,24.4507,94477033,24.6607,24.8113,24.0153,0.0935791556728232
2018-12-12,24.44,75295837,24.628,24.794,24.344,0.1040279249448123
2018-12-13,25.1193,110222465,24.6767,25.1627,24.45,0.0799269031141868
2018-12-14,24.3807,94914328,25.0,25.1913,24.2887,0.1000357142857143
2018-12-17,23.228,114972423,24.1333,24.38,22.9253,0.0963592378752886
2018-12-18,22.4687,106273252,23.3693,23.4367,22.246,0.0836218579234972
2018-12-19,22.198,123845548,22.5067,23.134,21.9827,0.0679571772253408
2018-12-20,21.0253,135740767,21.8036,22.0193,20.7913,0.0785653780068728
2018-12-21,21.318,119958225,21.16,21.5647,20.8293,0.0918507389162561
2018-12-24,19.6927,83398653,20.9,20.9667,19.6797,0.1128216897856242
2018-12-26,21.7393,122146469,20.0,21.798,19.606,0.1397430588235294
2018-12-27,21.0753,128510711,21.3227,21.4781,20.1,0.0729751677852349
2018-12-28,22.258,148781581,21.54,22.416,21.2273,0.129644980544747
2018-12-31,22.1867,94414423,22.5193,22.614,21.684,0.1351751243781094
2019-01-02,20.6747,174168963,20.4067,21.0087,19.92,0.06688
2019-01-03,20.024,104228603,20.4667,20.6267,19.8253,0.0887351575456053
2019-01-04,21.1793,110741270,20.4,21.2,20.182,0.0995336343115124
2019-01-07,22.3307,113135013,21.448,22.4493,21.1834,0.0938046347211312
2019-01-08,22.3567,104916353,22.7973,22.934,21.8013,0.0861247668393782
2019-01-09,22.5687,81399229,22.3667,22.9002,22.098,0.0734495016611295
2019-01-10,22.998,90744270,22.2933,23.026,22.1193,0.0952668941979522
2019-01-11,23.1507,75526132,22.806,23.2273,22.5847,0.0611142682926829
2019-01-14,22.2933,78490311,22.8253,22.8333,22.2667,0.1005058517555266
2019-01-15,22.962,90718305,22.3333,23.2533,22.3,0.0688134900990099
2019-01-16,23.07,70158370,22.9853,23.4667,22.9,0.0677769801980198
2019-01-17,23.154,54917403,23.0807,23.4333,22.9433,0.0958758578431372
2019-01-18,20.1507,361188719,21.5333,21.8087,19.982,0.052293880773786
2019-01-22,19.928,180781860,20.3213,20.5333,19.7,0.0750055758683729
2019-01-23,19.1727,187696106,19.5,19.6333,18.7793,0.0700587795048934
2019-01-24,19.434,119863605,18.8687,19.5787,18.6189,0.0686680769230769
2019-01-25,19.8027,106541662,19.626,19.9013,19.3033,0.0908579841449603
2019-01-28,19.7587,96142107,19.5273,19.8307,19.1833,0.0981399809160305
2019-01-29,19.8307,69043960,19.6847,19.9038,19.4533,0.0756136130136986
2019-01-30,20.5847,158910521,20.03,20.6,19.8993,0.0649988441330998
2019-01-31,20.468,188177756,20.0667,20.7709,19.6,0.0994075657894736
2019-02-01,20.814,108954216,20.3613,21.0733,20.2333,0.0915058260869565
2019-02-04,20.8593,110161085,20.8653,21.02,20.1253,0.1158480461811722
2019-02-05,21.4233,101021034,20.8327,21.496,20.8166,0.08605
2019-02-06,21.148,75470482,21.306,21.616,21.0416,0.0627576958525345
2019-02-07,20.5007,97677401,20.8867,20.98,20.2,0.0751904712041884
2019-02-08,20.3867,87526126,20.4553,20.4963,19.9,0.0769397058823529
2019-02-11,20.856,106710127,20.7733,21.24,20.7,0.0747487006737247
2019-02-12,20.7873,82281244,21.08,21.2127,20.6413,0.0761894211576846
2019-02-13,20.5447,76955932,20.8233,20.85,20.3713,0.0605360688956433
2019-02-14,20.2513,77863266,20.2253,20.4513,20.0667,0.057137973273942
2019-02-15,20.5253,58437196,20.3,20.5333,20.26,0.0709927864214992
2019-02-19,20.376,61807769,20.4373,20.7696,20.3647,0.0724952928870292
2019-02-20,20.1707,106994482,20.294,20.42,19.9333,0.0453265228426396
2019-02-21,19.4153,133212383,20.1207,20.216,19.3667,0.0412329639889196
2019-02-22,19.6473,85970657,19.6327,19.7667,19.4733,0.0823408117249154
2019-02-25,19.918,93205468,19.8607,20.1936,19.8,-0.0566090434782608
2019-02-26,19.8573,128574071,19.4813,20.134,19.2513,0.0113932773109243
2019-02-27,20.9827,167161416,20.1187,21.0863,20.0367,0.0715439464882943
2019-02-28,21.3253,144993288,21.2613,21.3333,20.7207,0.0745350072780203
2019-03-01,19.6527,342731079,20.4627,20.4753,19.46,0.0536368596141051
2019-03-04,19.024,256033222,19.8747,19.9333,18.852,0.0389787368421052
2019-03-05,18.436,280946860,18.8,18.9333,18.0067,0.0402831925300133
2019-03-06,18.416,154790473,18.432,18.7671,18.2927,0.0430124438742783
2019-03-07,18.4393,141160384,18.5893,18.98,18.2833,0.0557401896858328
2019-03-08,18.9427,132086514,18.4607,19.0393,18.3927,0.0577836286321757
2019-03-11,19.3947,110584415,18.9013,19.4187,18.7,0.059
2019-03-12,18.8907,112320499,19.0993,19.2047,18.7373,0.0360778501628664
2019-03-13,19.264,102267759,18.9267,19.466,18.8467,0.0329167306216423
2019-03-14,19.3307,105722017,19.4967,19.6927,19.2193,0.0717597659107534
2019-03-15,18.362,221360289,18.9007,18.915,18.2933,0.0550664220183486
2019-03-18,17.966,153974323,18.4,18.5367,17.82,0.0685819819819819
2019-03-19,17.8313,176614862,17.8333,18.22,17.564,0.0098557183098591
2019-03-20,18.24,103229588,17.9793,18.3313,17.7533,0.0773464968152866
2019-03-21,18.268,88963831,18.1733,18.43,17.8967,0.0491198660714285
2019-03-22,17.6353,130829185,18.172,18.1867,17.6,0.0387742398648648
2019-03-25,17.3613,153076123,17.314,17.5453,16.964,0.0519338472319551
2019-03-26,17.8513,110127965,17.6293,18.0173,17.6287,0.0472303703703703
2019-03-27,18.322,131285694,17.9167,18.358,17.8789,0.0699430232558139
2019-03-28,18.5747,101473764,18.4773,18.6887,18.34,0.0678303745928338
2019-03-29,18.6573,89705280,18.58,18.6773,18.3,0.086264185544768
2019-04-01,19.2787,121396949,18.8413,19.28,18.7521,0.0769781135531135
2019-04-02,19.0587,81407719,19.22,19.296,18.9253,0.0747356
2019-04-03,19.454,118749691,19.1547,19.7447,19.1447,0.0737982899628252
2019-04-04,17.852,355202372,17.4593,18.08,17.3727,0.0215959819052687
2019-04-05,18.3307,195341002,17.9907,18.4067,17.7407,0.0383110971786833
2019-04-08,18.2133,155468922,18.5127,18.744,18.0293,0.0572038577912254
2019-04-09,18.154,88398661,18.11,18.3333,17.974,0.090672923076923
2019-04-10,18.404,105675457,18.4493,18.5587,18.1928,0.0916804047838086
2019-04-11,17.8947,146719337,17.8867,18.0333,17.7067,0.0570104412678682
2019-04-12,17.8467,101030739,18.0147,18.13,17.7887,0.0420575307045895
2019-04-15,17.7587,150487275,17.9087,17.9253,17.242,0.0691718614718614
2019-04-16,18.224,108997506,17.7167,18.3333,17.648,0.0811629203539823
2019-04-17,18.082,76770127,18.3167,18.3193,17.9023,0.068502027027027
2019-04-18,18.2173,87922126,18.082,18.3227,17.9833,0.0462647647647647
2019-04-22,17.5167,181525259,17.9333,17.9787,17.4987,0.0422919584055459
2019-04-23,17.5933,163640168,17.3433,17.7067,17.05,0.0825254635911352
2019-04-24,17.244,144855843,17.59,17.688,17.2,0.043771719858156
2019-04-25,16.5087,327350536,17.0,17.2667,16.4047,0.0504860502065459
2019-04-26,15.676,332267234,16.4333,16.4453,15.4087,0.0470134906657273
2019-04-29,16.098,250299175,15.724,16.2653,15.478,0.0612376237623762
2019-04-30,15.9127,141704404,16.1373,16.2807,15.8,0.1137643939393939
2019-05-01,15.6007,160565170,15.9233,16.0,15.4333,0.031850358422939
2019-05-02,16.2733,272389964,16.368,16.4753,15.848,0.0600186489399928
2019-05-03,17.002,355601372,16.2573,17.1073,16.2327,0.0879696562032884
2019-05-06,17.0227,162509019,16.668,17.2233,16.5667,0.0822422497785651
2019-05-07,16.4707,151971074,17.12,17.1473,16.34,0.106162912087912
2019-05-08,16.3227,92646554,16.4627,16.7066,16.28,0.0880060077519379
2019-05-09,16.132,100670680,16.1333,16.2453,15.7962,0.1157069565217391
2019-05-10,15.968,105124987,15.9833,16.1327,15.7347,0.0724546802594995
2019-05-13,15.134,162521919,15.4673,15.498,14.9667,0.0532288614298323
2019-05-14,15.4873,108786126,15.2867,15.6333,15.2,0.0432483870967741
2019-05-15,15.4633,109439585,15.288,15.496,15.0167,0.0645246290801186
2019-05-16,15.222,112249039,15.2993,15.4,15.1,0.0546000833333333
2019-05-17,14.0687,266799917,14.7973,14.816,13.928,0.0500904672015101
2019-05-20,13.6907,307892846,13.52,13.7333,13.0167,0.0981320359281437
2019-05-21,13.672,270058365,13.184,13.8267,13.0693,0.0456614998205956
2019-05-22,12.8487,280277710,13.2733,13.596,12.7853,0.0393999659516513
2019-05-23,13.0327,398206901,12.956,13.2977,12.4147,0.0497296400625978
2019-05-24,12.7087,212048444,13.322,13.332,12.5834,0.0719282793017456
2019-05-28,12.58,154693423,12.7467,13.0,12.5233,0.0784619905956112
2019-05-29,12.6573,179529510,12.4733,12.826,12.336,0.0784981651376146
2019-05-30,12.548,118897066,12.5833,12.817,12.468,0.0305851764705882
2019-05-31,12.344,156100872,12.34,12.6614,12.2733,0.0685803290949887
2019-06-03,11.9313,195966052,12.3673,12.4453,11.7995,0.0715461770623742
2019-06-04,12.9067,207112696,12.0733,12.932,11.974,0.1042908037094281
2019-06-05,13.106,202661299,13.2453,13.4186,12.7899,0.0845985518905872
2019-06-06,13.73,303632098,13.6293,14.0667,13.4533,0.1089056614349775
2019-06-07,13.6333,240052830,13.6667,14.0563,13.5666,0.1014876251137397
2019-06-10,14.192,158775521,14.0167,14.4627,13.934,0.085724604743083
2019-06-11,14.4733,174803013,14.6096,14.7267,14.2333,0.0795861520329994
2019-06-12,13.9507,227962986,14.8633,14.892,13.9333,0.0800701725997842
2019-06-13,14.2607,122523839,14.0253,14.3267,13.834,0.1056098901098901
2019-06-14,14.328,111500974,14.0833,14.4433,14.0267,0.0593894572025052
2019-06-17,15.002,184751908,14.3653,15.1333,14.2847,0.1154407685098406
2019-06-18,14.9827,190736755,15.248,15.6493,14.8373,0.0858258760107816
2019-06-19,15.0953,98626976,15.0073,15.1847,14.7373,0.0780075593952483
2019-06-20,14.6413,177951811,14.8667,15.1267,14.4233,0.0587628647214854
2019-06-21,14.7907,123031108,14.4147,14.812,14.3667,0.0831059610705596
2019-06-24,14.9093,86261522,14.8827,15.0573,14.7347,0.0810971342383107
2019-06-25,14.6507,92731019,14.9593,15.0227,14.6327,0.0747293055555555
2019-06-26,14.618,127608056,14.6873,15.1487,14.54,0.0852527624309392
2019-06-27,14.856,95095602,14.63,14.86,14.49,0.0965398169336384
2019-06-28,14.8973,102770709,14.7327,15.0113,14.72,0.0608639548022598
2019-07-01,15.1447,123569398,15.3473,15.54,15.0853,0.0837824753559693
2019-07-02,14.97,138885336,15.2593,15.2767,14.8147,0.0861847166571265
2019-07-03,15.66,213017143,15.9593,16.1047,15.634,0.1150548125
2019-07-05,15.54,105986017,15.638,15.6967,15.3867,0.084060975609756
2019-07-08,15.356,88208086,15.416,15.4833,15.244,0.0785929721815519
2019-07-09,15.3373,92862479,15.2647,15.4,15.152,0.0593435582822085
2019-07-10,15.928,137185971,15.61,15.9293,15.5427,0.1002849597135183
2019-07-11,15.9067,112716394,15.876,16.1,15.72,0.0976933014354067
2019-07-12,16.3387,138007746,15.9833,16.3587,15.9807,0.1131174434087882
2019-07-15,16.9,165001267,16.5333,16.9613,16.324,0.115230961298377
2019-07-16,16.8253,122234774,16.62,16.902,16.5288,0.0508014455782312
2019-07-17,16.9907,146470832,17.0447,17.2207,16.89,0.0946631256384065
2019-07-18,16.9027,71467209,17.0033,17.05,16.7923,0.1175386666666666
2019-07-19,17.212,105726097,17.046,17.3307,16.9747,0.1237501557632398
2019-07-22,17.0453,102694044,17.25,17.477,16.9461,0.053846329723225
2019-07-23,17.3447,75346777,17.114,17.3653,16.9667,0.0310217592592592
2019-07-24,17.6587,166092517,17.278,17.738,17.2107,0.0762101990049751
2019-07-25,15.2547,336273582,15.5667,15.6333,15.0367,0.0839703670546105
2019-07-26,15.2027,150415425,15.128,15.3507,14.8167,0.0925603159851301
2019-07-29,15.718,139099895,15.1393,15.7293,15.0688,0.1483233
2019-07-30,16.1507,121635149,15.5267,16.224,15.4787,0.1094460076045627
2019-07-31,16.1073,137673051,16.2,16.4453,15.7767,0.0916515662650602
2019-08-01,15.59,123892678,16.1767,16.3007,15.4513,0.0793436257309941
2019-08-02,15.6227,92047169,15.4233,15.7513,15.282,0.0536289972899728
2019-08-05,15.2213,105424132,15.3067,15.4245,15.0517,0.0988572802197802
2019-08-06,15.3833,83462958,15.4587,15.5,15.05,0.098597037037037
2019-08-07,15.5613,71647464,15.1,15.5713,15.0533,0.0511051764705882
2019-08-08,15.8867,79115195,15.63,15.9867,15.51,0.0697550991501416
2019-08-09,15.6673,58473631,15.7369,15.9307,15.5873,0.0543353407290015
2019-08-12,15.2673,69959020,15.5327,15.718,15.25,0.0738371428571428
2019-08-13,15.6667,73034933,15.254,15.7333,15.17,0.1262775628626692
2019-08-14,14.6413,143438793,15.414,15.4333,14.446,0.0545550512445095
2019-08-15,14.376,123479218,14.724,14.7707,14.1033,0.0735787136294027
2019-08-16,14.6627,78110601,14.444,14.816,14.4013,0.0216462151394422
2019-08-19,15.122,79676180,14.9473,15.1887,14.78,0.0854255702280912
2019-08-20,15.0573,62557874,15.1747,15.2727,14.9693,0.0403559523809523
2019-08-21,14.722,116996102,14.8007,14.8813,14.5067,0.0490218934911242
2019-08-22,14.81,98474411,14.8533,15.0267,14.548,0.0314422717469446
2019-08-23,14.0933,128395496,14.6647,14.7447,14.0667,0.0402470840480274
2019-08-26,14.3333,75816172,14.24,14.3347,14.1027,0.0371479508196721
2019-08-27,14.272,81310864,14.3827,14.5867,14.1353,0.0430521052631578
2019-08-28,14.3727,48579351,14.246,14.4833,14.154,0.050425751503006
2019-08-29,14.7807,77746521,14.6,14.8933,14.5333,0.0894018200202224
2019-08-30,15.0407,139916555,15.2767,15.496,14.9475,0.1091798209926769
2019-09-03,15.0007,80408150,14.9387,15.2633,14.8773,0.0536689277899343
2019-09-04,14.712,86530397,15.126,15.2307,14.6137,0.0757238693467336
2019-09-05,15.3053,111049774,14.8333,15.32,14.7233,0.0751259663032705
2019-09-06,15.1633,62840549,15.1467,15.3093,15.0113,0.0729703781512605
2019-09-09,15.4527,72039999,15.3333,15.584,15.282,0.0693322888283378
2019-09-10,15.7027,73255673,15.3867,15.7027,15.2627,0.0898776500638569
2019-09-11,16.4733,150641625,15.8253,16.5449,15.7333,0.1000589055793991
2019-09-12,16.3913,128718086,16.5133,16.9,16.2933,0.0512708633093525
2019-09-13,16.3467,79697135,16.464,16.5633,16.3243,0.0724408284023668
2019-09-16,16.1873,70921405,16.4,16.4953,16.078,0.0906480988593155
2019-09-17,16.3193,59203605,16.1647,16.3733,16.0247,0.0537162204724409
2019-09-18,16.2327,63421513,16.3333,16.5446,16.158,0.083773224852071
2019-09-19,16.44,73246988,16.4,16.5293,16.3227,0.1192758396533044
2019-09-20,16.0413,97593911,16.4327,16.4631,15.8773,0.0964508580343213
2019-09-23,16.082,65874417,16.0,16.3453,15.948,0.0758398284313725
2019-09-24,14.8807,194116553,16.1013,16.1327,14.8407,0.0009645079899074
2019-09-25,15.2467,141664219,14.9707,15.2653,14.5573,0.0889559096945551
2019-09-26,16.1707,181181759,15.3773,16.2207,15.16,0.0803666666666666
2019-09-27,16.142,166847617,16.1467,16.5807,15.9153,0.0765154899894626
2019-09-30,16.058,89192370,16.2,16.2653,15.7407,0.0935964373464373
2019-10-01,16.3127,92944304,16.1,16.3967,15.942,0.1007301621621621
2019-10-02,16.2087,93848173,16.2193,16.31,15.962,0.0644575609756097
2019-10-03,15.5353,227066286,15.4573,15.632,14.952,0.0940408408408408
2019-10-04,15.4287,120317640,15.4407,15.652,15.2047,0.0855928571428571
2019-10-07,15.848,121304294,15.32,15.904,15.2367,0.072277807486631
2019-10-08,16.0033,130535005,15.7247,16.2627,15.6333,0.0644564500484966
2019-10-09,16.302,104025443,16.088,16.4863,16.0433,0.0929656283566058
2019-10-10,16.316,94701208,16.352,16.6187,16.1053,0.0719669841269841
2019-10-11,16.526,127322321,16.4767,16.7387,16.454,0.1463151712887438
2019-10-14,17.1307,153402823,16.5267,17.2367,16.4753,0.1166124737945492
2019-10-15,17.1927,97191791,17.18,17.3333,16.9413,0.125772
2019-10-16,17.3167,100564495,17.1593,17.4733,17.128,0.099840675990676
2019-10-17,17.4647,71685609,17.5,17.652,17.3447,0.0994912568306011
2019-10-18,17.13,86304947,17.38,17.52,17.0067,0.0860241084165477
2019-10-21,16.9,76621477,17.222,17.3,16.6787,0.0750021052631578
2019-10-22,17.0387,69376390,16.9547,17.222,16.7233,0.1096694117647058
2019-10-23,16.9787,168242616,16.9667,17.076,16.7567,0.1399812260536398
2019-10-24,19.9787,447288226,19.8913,20.3287,19.28,0.1506880862329803
2019-10-25,21.8753,450091125,19.848,22.0,19.7407,0.1203161800486618
2019-10-28,21.8473,283054208,21.836,22.7227,21.5067,0.080439203539823
2019-10-29,21.0813,190263955,21.3327,21.62,20.9833,0.1222466666666666
2019-10-30,21.0007,144627078,20.8667,21.2527,20.6647,0.0758389247311827
2019-10-31,20.9947,76004302,20.8733,21.2667,20.8667,0.0765753246753246
2019-11-01,20.8873,95758887,21.088,21.0987,20.6533,0.0757685667752443
2019-11-04,21.1647,131805534,20.9867,21.4627,20.6173,0.1018124537607891
2019-11-05,21.148,104151203,21.308,21.5673,21.0745,0.0754871165644171
2019-11-06,21.772,119113920,21.2,21.7813,20.9667,0.1254351167315175
2019-11-07,22.3693,217010141,21.9427,22.7667,21.868,0.1278855528652139
2019-11-08,22.476,91113269,22.3,22.4973,22.1667,0.1172337006427915
2019-11-11,23.006,149905260,22.93,23.2793,22.8,0.0880246215943491
2019-11-12,23.3287,110390690,23.1267,23.358,22.936,0.1105205248359887
2019-11-13,23.074,127017881,23.6667,23.7553,23.012,0.1489767932489451
