Date,sentiment
2015-01-01,0.13699444444444445
2015-01-02,0.11493783783783784
2015-01-03,0.04476206896551724
2015-01-04,0.08951666666666667
2015-01-05,0.12621300448430492
2015-01-06,0.09487027027027027
2015-01-07,0.0626640625
2015-01-08,0.09671329787234041
2015-01-09,0.07246682926829269
2015-01-10,0.0029914634146341467
2015-01-11,0.17565250000000002
2015-01-12,0.06417442528735631
2015-01-13,0.04032255083179298
2015-01-14,0.03338948751642576
2015-01-15,0.08601216216216216
2015-01-16,0.05382959641255605
2015-01-17,-9.999999999999639e-05
2015-01-18,0.03817640449438202
2015-01-19,0.0806890625
2015-01-20,0.06741541850220265
2015-01-21,0.12458418803418803
2015-01-22,0.09039578313253012
2015-01-23,0.0669342391304348
2015-01-24,0.07753783783783784
2015-01-25,0.0014218181818181847
2015-01-26,0.1081
2015-01-27,0.06901176470588236
2015-01-28,0.07711835443037975
2015-01-29,0.14017810945273632
2015-01-30,0.08354099378881988
2015-01-31,0.02232777777777778
2015-02-01,0.07198529411764706
2015-02-02,0.09296796116504853
2015-02-03,0.15144093023255814
2015-02-04,0.09351192052980133
2015-02-05,0.07918047337278106
2015-02-06,0.0761671568627451
2015-02-07,0.04620408163265306
2015-02-08,0.06988085106382978
2015-02-09,0.07773196721311475
2015-02-10,0.034386448598130843
2015-02-11,0.014307094594594597
2015-02-12,0.05914217473287241
2015-02-13,0.04422822580645162
2015-02-14,0.08239064748201438
2015-02-15,0.04801789473684211
2015-02-16,-0.005445192307692305
2015-02-17,0.0801530612244898
2015-02-18,0.04384
2015-02-19,0.06357950138504155
2015-02-20,0.10082610966057441
2015-02-21,0.045007482993197276
2015-02-22,0.09143174603174603
2015-02-23,0.05952996845425867
2015-02-24,0.13522102102102102
2015-02-25,0.03143754789272031
2015-02-26,0.07799518072289158
2015-02-27,0.0319640625
2015-02-28,0.030068493150684935
2015-03-01,-0.0129
2015-03-02,0.0023510810810810816
2015-03-03,0.05651627906976744
2015-03-04,0.026211636363636368
2015-03-05,0.04402421052631579
2015-03-06,0.01767516556291391
2015-03-07,0.02420251572327044
2015-03-08,0.020563541666666664
2015-03-09,-0.010382993197278912
2015-03-10,0.06127138643067847
2015-03-11,0.0788969387755102
2015-03-12,0.029019067796610173
2015-03-13,0.07234912280701755
2015-03-14,0.055798540145985405
2015-03-15,0.09218135593220339
2015-03-16,0.07633927855711423
2015-03-17,0.0987153256704981
2015-03-18,0.09777142857142858
2015-03-19,0.08734766483516483
2015-03-20,0.08161630434782609
2015-03-21,0.06510645161290322
2015-03-22,0.13297065217391305
2015-03-23,0.06057777777777778
2015-03-24,0.07468173515981735
2015-03-25,0.07196121794871795
2015-03-26,0.09683853658536586
2015-03-27,0.06805316455696202
2015-03-28,0.07588360655737704
2015-03-29,0.0840113043478261
2015-03-30,0.12371080432172869
2015-03-31,0.09720022172949001
2015-04-01,0.019556969696969698
2015-04-02,0.09136197604790419
2015-04-03,0.06732670157068063
2015-04-04,0.01932285714285715
2015-04-05,0.04718224299065421
2015-04-06,0.092922
2015-04-07,0.07656174242424242
2015-04-08,0.06874519230769231
2015-04-09,0.06570457746478874
2015-04-10,0.06480246305418719
2015-04-11,0.1613082474226804
2015-04-12,0.07050087719298247
2015-04-13,-0.028433149171270718
2015-04-14,0.07195785440613028
2015-04-15,0.026353142857142856
2015-04-16,0.044445
2015-04-17,0.008618749999999998
2015-04-18,-0.01935393258426966
2015-04-19,0.002832926829268294
2015-04-20,0.011702621722846442
2015-04-21,0.053703086419753084
2015-04-22,0.10946718480138169
2015-04-23,0.09427056603773584
2015-04-24,0.12449080459770115
2015-04-25,0.04260720720720721
2015-04-26,0.07857272727272728
2015-04-27,0.1312573189522342
2015-04-28,0.06652484848484848
2015-04-29,0.06156654545454546
2015-04-30,0.11035929203539824
2015-05-01,0.11818067307692308
2015-05-02,0.09040941176470589
2015-05-03,0.10320434782608695
2015-05-04,0.0798824120603015
2015-05-05,0.11147862595419847
2015-05-06,0.07336688172043011
2015-05-07,0.09627324159021407
2015-05-08,0.041102439024390244
2015-05-09,0.04825744047619048
2015-05-10,0.11092616822429906
2015-05-11,0.06749452449567724
2015-05-12,0.12659302325581395
2015-05-13,0.10936923076923079
2015-05-14,0.0952279883381924
2015-05-15,0.09452451253481894
2015-05-16,0.07925657370517929
2015-05-17,0.08243015873015873
2015-05-18,-0.026997766749379655
2015-05-19,0.027800000000000005
2015-05-20,0.08106390532544379
2015-05-21,0.07440574018126889
2015-05-22,0.0435728
2015-05-23,0.11181720430107527
2015-05-24,-0.08905428571428572
2015-05-25,0.10235359477124183
2015-05-26,0.0798411111111111
2015-05-27,0.10271732283464567
2015-05-28,0.14003270777479893
2015-05-29,0.11507689768976898
2015-05-30,0.15192925531914894
2015-05-31,0.13095286624203822
2015-06-01,0.1242919540229885
2015-06-02,0.08507106382978724
2015-06-03,0.05980729613733906
2015-06-04,0.10146388888888888
2015-06-05,0.09837861635220126
2015-06-06,0.05728333333333334
2015-06-07,0.11192083333333332
2015-06-08,0.14234376321353065
2015-06-09,0.07285921052631578
2015-06-10,0.08458533333333333
2015-06-11,0.07899038461538462
2015-06-12,-0.00791030534351145
2015-06-13,0.12427105263157893
2015-06-14,0.08145867768595041
2015-06-15,0.04085384615384616
2015-06-16,0.17717051792828686
2015-06-17,0.15256861313868614
2015-06-18,0.09163250773993808
2015-06-19,0.13841906614785993
2015-06-20,0.13051920903954803
2015-06-21,0.0788888888888889
2015-06-22,0.0612525
2015-06-23,0.12028442367601246
2015-06-24,0.0913239837398374
2015-06-25,0.16117616279069769
2015-06-26,0.16249545454545455
2015-06-27,0.14872782608695653
2015-06-28,0.15663588235294118
2015-06-29,0.12491380281690141
2015-06-30,0.1570950581395349
2015-07-01,0.12302231759656652
2015-07-02,0.12086049822064056
2015-07-03,0.1305588785046729
2015-07-04,0.10871878172588832
2015-07-05,0.016202702702702704
2015-07-06,0.1073304347826087
2015-07-07,0.09557242105263158
2015-07-08,0.10397816711590296
2015-07-09,0.1267095
2015-07-10,0.08963375394321765
2015-07-11,0.1340904458598726
2015-07-12,0.027333522727272727
2015-07-13,0.04053826086956522
2015-07-14,0.04937709923664122
2015-07-15,0.055254700854700856
2015-07-16,0.1460624031007752
2015-07-17,0.08335318725099601
2015-07-18,0.09773867924528302
2015-07-19,0.06277096774193548
2015-07-20,0.11776702412868634
2015-07-21,0.06813980198019802
2015-07-22,0.14033233082706767
2015-07-23,0.08220999999999999
2015-07-24,0.13647281105990783
2015-07-25,0.11487556818181818
2015-07-26,0.15708142857142857
2015-07-27,0.07380052631578947
2015-07-28,0.11211351351351352
2015-07-29,0.18996728395061727
2015-07-30,0.05458915789473684
2015-07-31,0.06386886930983847
2015-08-01,0.1351705882352941
2015-08-02,0.09458755555555555
2015-08-03,0.04793067484662576
2015-08-04,0.10538223350253807
2015-08-05,0.09676956132497762
2015-08-06,0.07939858156028369
2015-08-07,0.11246821862348179
2015-08-08,0.10201595744680853
2015-08-09,-0.009719811320754713
2015-08-10,0.027231125827814572
2015-08-11,0.10649466666666665
2015-08-12,0.0705029702970297
2015-08-13,0.11503677966101696
2015-08-14,0.11416502463054187
2015-08-15,0.12396535947712418
2015-08-16,0.030220833333333332
2015-08-17,0.11726939393939395
2015-08-18,0.07649230769230769
2015-08-19,0.06843880597014926
2015-08-20,0.05523982683982683
2015-08-21,0.041851851851851855
2015-08-22,0.025041999999999995
2015-08-23,-0.004926530612244898
2015-08-24,0.07409530685920578
2015-08-25,0.08345560165975104
2015-08-26,0.09560618892508142
2015-08-27,0.1149729674796748
2015-08-28,0.10159804400977995
2015-08-29,0.10203411214953272
2015-08-30,0.06677514792899408
2015-08-31,0.11862413793103448
2015-09-01,0.06737168141592921
2015-09-02,0.12211686746987951
2015-09-03,0.07444107883817427
2015-09-04,0.07630538922155689
2015-09-05,-0.005383333333333339
2015-09-06,0.025934042553191497
2015-09-07,0.1480421052631579
2015-09-08,0.11182442396313363
2015-09-09,0.15722384615384616
2015-09-10,0.0957030487804878
2015-09-11,0.09448461538461538
2015-09-12,0.06109811320754717
2015-09-13,0.09776666666666667
2015-09-14,0.06336492537313433
2015-09-15,0.08991361702127659
2015-09-16,0.08400841121495327
2015-09-17,0.11703313432835821
2015-09-18,0.1248096525096525
2015-09-19,0.14238253968253967
2015-09-20,0.1239023622047244
2015-09-21,0.10039528301886792
2015-09-22,0.05144525862068965
2015-09-23,0.09131743119266054
2015-09-24,0.09819695817490495
2015-09-25,0.130610546875
2015-09-26,0.08052033898305085
2015-09-27,0.1481921658986175
2015-09-28,0.1228405325443787
2015-09-29,0.1063057220708447
2015-09-30,0.11058829365079365
2015-10-01,0.08282296819787986
2015-10-02,0.09980870967741935
2015-10-03,0.1021027397260274
2015-10-04,0.06498690476190476
2015-10-05,0.09884729241877256
2015-10-06,0.03841271477663231
2015-10-07,0.03955
2015-10-08,0.0801461126005362
2015-10-09,0.021560862068965517
2015-10-10,0.06177023809523809
2015-10-11,0.022794117647058822
2015-10-12,0.0798062271062271
2015-10-13,0.09176801242236024
2015-10-14,0.049781717451523544
2015-10-15,0.07881922141119221
2015-10-16,0.14040462427745665
2015-10-17,0.09729135802469135
2015-10-18,0.03698807339449541
2015-10-19,-0.027881382978723404
2015-10-20,0.02631161616161616
2015-10-21,0.008681909547738691
2015-10-22,0.10560871559633028
2015-10-23,0.04025391304347826
2015-10-24,0.0070020202020202
2015-10-25,0.08303225806451614
2015-10-26,0.08168561643835616
2015-10-27,0.11312571428571429
2015-10-28,0.04660347222222223
2015-10-29,0.07678057142857143
2015-10-30,0.06258826530612245
2015-10-31,-0.009752000000000004
2015-11-01,0.11798571428571429
2015-11-02,0.061314799999999996
2015-11-03,0.08338769841269841
2015-11-04,0.07491254295532646
2015-11-05,0.08557989949748744
2015-11-06,0.1542903743315508
2015-11-07,0.15626134969325153
2015-11-08,0.12477162162162163
2015-11-09,0.08080246913580247
2015-11-10,0.10833739837398373
2015-11-11,0.0604615
2015-11-12,0.04659428571428571
2015-11-13,0.11625273631840796
2015-11-14,0.008858333333333334
2015-11-15,0.020883673469387756
2015-11-16,0.11167058823529412
2015-11-17,0.08761920529801324
2015-11-18,0.14021552795031056
2015-11-19,0.0848496551724138
2015-11-20,0.07524105263157894
2015-11-21,0.10416770833333333
2015-11-22,0.09658118811881188
2015-11-23,0.0896301724137931
2015-11-24,0.1104144385026738
2015-11-25,0.15861245551601424
2015-11-26,0.09279384615384616
2015-11-27,0.11541610738255033
2015-11-28,0.15324222222222222
2015-11-29,0.1662607142857143
2015-11-30,0.004997596153846157
2015-12-01,0.11554137931034482
2015-12-02,0.012331598513011155
2015-12-03,0.05210394088669951
2015-12-04,0.09107955801104972
2015-12-05,0.09779571428571429
2015-12-06,0.09935
2015-12-07,0.0999089552238806
2015-12-08,0.06757142857142857
2015-12-09,0.048
2015-12-10,0.09761785714285715
2015-12-11,0.1282918918918919
2015-12-12,0.083384
2015-12-13,0.06344507042253521
2015-12-14,0.03973502824858757
2015-12-15,0.15141287128712871
2015-12-16,0.09591465517241379
2015-12-17,0.07242592592592592
2015-12-18,0.10547548387096775
2015-12-19,0.07700958904109588
2015-12-20,0.11359454545454546
2015-12-21,0.10698181818181819
2015-12-22,0.10585756097560976
2015-12-23,0.1408969230769231
2015-12-24,0.10407473684210526
2015-12-25,0.15838196721311476
2015-12-26,0.1595710843373494
2015-12-27,0.03596534653465346
2015-12-28,0.10283666666666666
2015-12-29,0.12646115702479338
2015-12-30,0.11534103343465046
2015-12-31,0.11304522613065326
2016-01-01,0.047939344262295076
2016-01-02,0.03496944444444445
2016-01-03,0.06431840490797547
2016-01-04,0.06639929411764706
2016-01-05,0.05697579908675799
2016-01-06,0.07202222222222221
2016-01-07,0.08064397590361447
2016-01-08,0.20020714285714283
2016-01-09,0.03252166666666667
2016-01-10,0.060704347826086955
2016-01-11,0.06309958847736626
2016-01-12,0.049295604395604396
2016-01-13,0.14829893617021275
2016-01-14,0.093709
2016-01-15,0.08055371428571428
2016-01-16,0.1388378787878788
2016-01-17,0.16700289855072464
2016-01-18,0.07151168831168832
2016-01-19,0.11973251533742332
2016-01-20,0.01886358024691358
2016-01-21,0.08560239520958084
2016-01-22,0.08727307692307693
2016-01-23,0.17750000000000002
2016-01-24,0.08247
2016-01-25,0.11416637931034482
2016-01-26,0.009176354679802955
2016-01-27,0.06235859872611465
2016-01-28,0.07581472081218274
2016-01-29,0.09025878378378378
2016-01-30,0.16027410358565736
2016-01-31,0.0635186274509804
2016-02-01,0.07861694444444445
2016-02-02,0.02238168168168168
2016-02-03,0.041491966173361525
2016-02-04,0.07651634241245137
2016-02-05,0.010958743169398906
2016-02-06,0.05424411764705882
2016-02-07,0.04087623762376238
2016-02-08,0.05886734693877551
2016-02-09,0.05413758620689655
2016-02-10,0.07057139364303178
2016-02-11,0.07686546854942233
2016-02-12,0.03209932203389831
2016-02-13,0.08563793103448276
2016-02-14,0.09350232558139535
2016-02-15,0.14408518518518518
2016-02-16,0.09162863247863247
2016-02-17,0.12086184971098266
2016-02-18,0.06972545454545455
2016-02-19,0.13999044117647058
2016-02-20,0.08532828282828282
2016-02-21,0.06567671232876712
2016-02-22,0.12316545454545454
2016-02-23,0.0649358695652174
2016-02-24,0.05125769230769231
2016-02-25,0.035907943925233644
2016-02-26,0.09362137404580152
2016-02-27,0.1205754716981132
2016-02-28,0.07366249999999999
2016-02-29,0.06320813397129187
2016-03-01,0.05160068649885583
2016-03-02,0.056063366336633655
2016-03-03,0.05668553191489362
2016-03-04,0.10677021276595745
2016-03-05,-0.028930000000000008
2016-03-06,0.1359921568627451
2016-03-07,0.058571856287425145
2016-03-08,0.0557072463768116
2016-03-09,0.131382
2016-03-10,0.11860186046511628
2016-03-11,0.042567999999999995
2016-03-12,0.015040740740740736
2016-03-13,0.026395652173913046
2016-03-14,0.12379540636042403
2016-03-15,0.08696
2016-03-16,0.10527540983606558
2016-03-17,0.08008977777777777
2016-03-18,0.11447244897959183
2016-03-19,0.0334203125
2016-03-20,0.0627688524590164
2016-03-21,0.08062493765586035
2016-03-22,0.082167
2016-03-23,0.11065151515151514
2016-03-24,0.1380330383480826
2016-03-25,0.19009473684210526
2016-03-26,0.08843636363636363
2016-03-27,0.20337454545454547
2016-03-28,0.09149230769230769
2016-03-29,0.04826049822064057
2016-03-30,0.09382876254180603
2016-03-31,0.11195000000000001
2016-04-01,0.13728478260869564
2016-04-02,0.0920218253968254
2016-04-03,0.11037351598173517
2016-04-04,0.09491409736308316
2016-04-05,0.08597515842839037
2016-04-06,0.11029424778761061
2016-04-07,0.07884474074074074
2016-04-08,0.10814783599088838
2016-04-09,0.13767372881355933
2016-04-10,0.10765258620689655
2016-04-11,0.08800058823529411
2016-04-12,0.1277953216374269
2016-04-13,0.08120707692307692
2016-04-14,0.05930762711864407
2016-04-15,0.09567574257425743
2016-04-16,0.0982986111111111
2016-04-17,0.10018977272727274
2016-04-18,0.045962790697674415
2016-04-19,0.04421275510204081
2016-04-20,0.08691610738255033
2016-04-21,0.04474194915254238
2016-04-22,0.11521511111111112
2016-04-23,0.1371280701754386
2016-04-24,0.1678686567164179
2016-04-25,0.09119442231075697
2016-04-26,0.11054307692307692
2016-04-27,0.12901689497716895
2016-04-28,0.12619940828402368
2016-04-29,0.04138205128205129
2016-04-30,0.2109531914893617
2016-05-01,0.07089489795918368
2016-05-02,0.13317217391304348
2016-05-03,0.06549931506849316
2016-05-04,0.10592008771929826
2016-05-05,0.0751944864864865
2016-05-06,0.07335971223021583
2016-05-07,0.02626730769230769
2016-05-08,0.11269499999999999
2016-05-09,0.07992697841726619
2016-05-10,0.09812538461538461
2016-05-11,0.08782693602693602
2016-05-12,0.1031590361445783
2016-05-13,0.1225683870967742
2016-05-14,0.048793103448275865
2016-05-15,0.07366986301369864
2016-05-16,0.09757294117647058
2016-05-17,0.06751969696969697
2016-05-18,0.08303759318423856
2016-05-19,0.06198346094946401
2016-05-20,0.11044035989717224
2016-05-21,0.08007865168539326
2016-05-22,0.09235729166666666
2016-05-23,0.10028117154811717
2016-05-24,0.09812307692307692
2016-05-25,0.06268398268398269
2016-05-26,0.06956302816901408
2016-05-27,0.09269689119170985
2016-05-28,0.14113111111111112
2016-05-29,0.14431086956521738
2016-05-30,0.10246279069767442
2016-05-31,0.05566095238095238
2016-06-01,0.05785144032921811
2016-06-02,0.058472519083969464
2016-06-03,0.13041965317919074
2016-06-04,0.13673880597014926
2016-06-05,0.09312692307692308
2016-06-06,0.030052287581699345
2016-06-07,0.12498095238095239
2016-06-08,0.09200536912751678
2016-06-09,0.031020902612826605
2016-06-10,0.04872924528301887
2016-06-11,-0.05172935779816514
2016-06-12,0.012744578313253013
2016-06-13,0.1112447204968944
2016-06-14,-0.02058287671232877
2016-06-15,0.02739428571428572
2016-06-16,0.06299315068493151
2016-06-17,0.07474890510948906
2016-06-18,0.08331555555555556
2016-06-19,0.14207272727272727
2016-06-20,0.08969264705882353
2016-06-21,0.09140169491525424
2016-06-22,0.047391351631279124
2016-06-23,-0.00926995940460081
2016-06-24,0.06408047138047138
2016-06-25,0.05220597014925373
2016-06-26,0.10954084507042254
2016-06-27,0.10530917721518988
2016-06-28,0.10134939024390245
2016-06-29,0.11577147435897436
2016-06-30,-0.1424234463276836
2016-07-01,-0.1133935238095238
2016-07-02,-0.05305546218487394
2016-07-03,0.0022994285714285734
2016-07-04,-0.0007766055045871555
2016-07-05,-0.0221343949044586
2016-07-06,-0.05204513274336283
2016-07-07,0.023253973509933773
2016-07-08,0.029321138211382113
2016-07-09,0.0024075000000000043
2016-07-10,0.034263888888888885
2016-07-11,0.04100092879256966
2016-07-12,0.005224821002386634
2016-07-13,-0.005988202247191011
2016-07-14,0.02328265306122449
2016-07-15,0.0012756345177664958
2016-07-16,0.05493728813559322
2016-07-17,0.09561744186046513
2016-07-18,0.09948367346938776
2016-07-19,0.07022060085836909
2016-07-20,0.09262169491525424
2016-07-21,0.11278723640399557
2016-07-22,0.09844067164179104
2016-07-23,0.16016909090909093
2016-07-24,0.10548455882352942
2016-07-25,0.08655496183206106
2016-07-26,0.02392530413625304
2016-07-27,0.06673401162790699
2016-07-28,0.11199326923076923
2016-07-29,0.07876769911504425
2016-07-30,0.0847694214876033
2016-07-31,0.17979222222222221
2016-08-01,0.11378958333333333
2016-08-02,0.04546039603960396
2016-08-03,0.0415474372955289
2016-08-04,0.06276742671009772
2016-08-05,0.02668520179372197
2016-08-06,0.09941626016260162
2016-08-07,0.05943020833333334
2016-08-08,0.06689796954314721
2016-08-09,0.032235483870967745
2016-08-10,-0.010125301204819278
2016-08-11,0.015979432624113478
2016-08-12,0.08038561643835616
2016-08-13,0.004747272727272728
2016-08-14,0.075226
2016-08-15,0.007583076923076923
2016-08-16,0.027623
2016-08-17,0.030865803108808293
2016-08-18,-0.02465570469798658
2016-08-19,0.05995975609756097
2016-08-20,0.11425882352941176
2016-08-21,0.0934408163265306
2016-08-22,0.05853758865248227
2016-08-23,0.06850095238095238
2016-08-24,0.0689772585669782
2016-08-25,0.147694578313253
2016-08-26,0.04791960784313725
2016-08-27,0.08659056603773585
2016-08-28,0.07195192307692308
2016-08-29,0.06751005917159764
2016-08-30,0.037291324200913245
2016-08-31,0.05839612403100775
2016-09-01,0.028161802575107295
2016-09-02,0.04901914893617021
2016-09-03,0.06108888888888889
2016-09-04,0.11250459770114943
2016-09-05,0.08921153846153847
2016-09-06,0.10382815533980583
2016-09-07,0.056854296875
2016-09-08,-0.011345871559633026
2016-09-09,0.03238053435114504
2016-09-10,0.10641111111111111
2016-09-11,0.04158125
2016-09-12,0.0808796052631579
2016-09-13,0.08482076023391813
2016-09-14,0.01698704318936877
2016-09-15,0.054733333333333335
2016-09-16,0.0494968152866242
2016-09-17,0.042426732673267326
2016-09-18,0.10490752688172045
2016-09-19,0.038842352941176474
2016-09-20,0.10977284482758622
2016-09-21,0.07163614035087719
2016-09-22,0.06895867346938776
2016-09-23,0.1281989847715736
2016-09-24,0.1484245614035088
2016-09-25,0.10928
2016-09-26,0.0689085889570552
2016-09-27,0.1586268817204301
2016-09-28,0.03522235294117647
2016-09-29,0.0806561403508772
2016-09-30,0.11562692307692309
2016-10-01,0.0581859375
2016-10-02,0.09179811320754716
2016-10-03,0.0831171875
2016-10-04,0.04211005291005291
2016-10-05,0.04390463576158941
2016-10-06,0.07686594005449592
2016-10-07,0.08983151260504202
2016-10-08,0.026716494845360823
2016-10-09,0.03732032085561497
2016-10-10,0.07374295532646048
2016-10-11,-0.012402994011976051
2016-10-12,0.03736666666666667
2016-10-13,0.06609230769230769
2016-10-14,0.040670786516853935
2016-10-15,0.11895844155844157
2016-10-16,-0.08634886363636364
2016-10-17,0.03647936507936508
2016-10-18,0.055286581469648564
2016-10-19,0.0772497807017544
2016-10-20,0.09915383542538354
2016-10-21,0.11870231481481482
2016-10-22,0.0847920792079208
2016-10-23,0.08161764705882353
2016-10-24,0.13576472868217054
2016-10-25,0.1107
2016-10-26,0.1379756783919598
2016-10-27,0.08979712525667351
2016-10-28,0.08479192982456141
2016-10-29,0.1540180412371134
2016-10-30,0.11644545454545453
2016-10-31,0.1144107296137339
2016-11-01,0.06785540897097625
2016-11-02,0.04088376623376623
2016-11-03,0.15104951923076923
2016-11-04,0.16406566820276497
2016-11-05,0.12275760869565217
2016-11-06,0.11845094339622642
2016-11-07,0.06845992063492064
2016-11-08,0.15868560311284047
2016-11-09,0.10675375
2016-11-10,0.04126394849785407
2016-11-11,0.09176646706586826
2016-11-12,-0.01732075471698113
2016-11-13,0.0005780219780219784
2016-11-14,0.04325024390243903
2016-11-15,0.07215135135135135
2016-11-16,0.07275806451612903
2016-11-17,0.15911388174807198
2016-11-18,0.1370501567398119
2016-11-19,0.2138654761904762
2016-11-20,0.028324175824175825
2016-11-21,0.10409513513513513
2016-11-22,0.0872358407079646
2016-11-23,0.0905336917562724
2016-11-24,0.06668529411764705
2016-11-25,0.09711258278145696
2016-11-26,0.03484315789473684
2016-11-27,0.032831372549019605
2016-11-28,0.07523092783505156
2016-11-29,0.022971746031746034
2016-11-30,0.09581032608695653
2016-12-01,0.06834436860068259
2016-12-02,0.042420318725099604
2016-12-03,0.039298876404494386
2016-12-04,0.035184375
2016-12-05,0.1662598086124402
2016-12-06,0.05613693181818182
2016-12-07,0.0794197628458498
2016-12-08,0.07111965317919075
2016-12-09,0.04815
2016-12-10,0.16026461538461537
2016-12-11,0.1243511111111111
2016-12-12,0.04632513661202185
2016-12-13,0.11051911262798635
2016-12-14,0.11088811188811189
2016-12-15,0.061219583333333334
2016-12-16,0.07360526315789473
2016-12-17,0.06524862385321101
2016-12-18,0.14457457627118644
2016-12-19,0.1352761421319797
2016-12-20,0.11868301282051281
2016-12-21,0.11532704918032788
2016-12-22,0.09432666666666667
2016-12-23,0.1655086206896552
2016-12-24,0.092859649122807
2016-12-25,0.20119
2016-12-26,0.13266333333333333
2016-12-27,0.12156647058823529
2016-12-28,0.04582892156862745
2016-12-29,0.03877427385892116
2016-12-30,0.09900140186915887
2016-12-31,0.06798499999999999
2017-01-01,0.07119523809523809
2017-01-02,0.07017238095238096
2017-01-03,0.04627019230769231
2017-01-04,0.09086248216833095
2017-01-05,0.08613795180722891
2017-01-06,0.11571570881226055
2017-01-07,0.11479375000000001
2017-01-08,0.08730099009900989
2017-01-09,0.09192488687782806
2017-01-10,0.11368054474708171
2017-01-11,0.0998703196347032
2017-01-12,0.1335304761904762
2017-01-13,0.1684054862842893
2017-01-14,0.0401627027027027
2017-01-15,0.22759047619047618
2017-01-16,0.056069387755102035
2017-01-17,0.08140871794871796
2017-01-18,0.14470817307692307
2017-01-19,0.06632954186413903
2017-01-20,0.10856445497630332
2017-01-21,0.10805185185185186
2017-01-22,0.13921470588235293
2017-01-23,0.11870425531914894
2017-01-24,0.10694787535410766
2017-01-25,0.09036778523489933
2017-01-26,0.057129487179487175
2017-01-27,0.1363899628252788
2017-01-28,0.1767340909090909
2017-01-29,0.1705218181818182
2017-01-30,0.11208629441624365
2017-01-31,0.11359372549019608
2017-02-01,0.12063093525179858
2017-02-02,0.10373711340206186
2017-02-03,0.09189282296650718
2017-02-04,0.181075
2017-02-05,0.1280867924528302
2017-02-06,0.09625703125
2017-02-07,0.12712887537993922
2017-02-08,0.1277667525773196
2017-02-09,0.10183141289437586
2017-02-10,0.05377486631016042
2017-02-11,0.09743614457831325
2017-02-12,0.022131182795698926
2017-02-13,0.13849359430604982
2017-02-14,0.12575887096774194
2017-02-15,0.038269565217391305
2017-02-16,0.09341786542923435
2017-02-17,0.15118813953488375
2017-02-18,0.14427733333333334
2017-02-19,0.06524891304347825
2017-02-20,0.11657622377622379
2017-02-21,0.11804888268156424
2017-02-22,0.08512057823129252
2017-02-23,0.04970672727272727
2017-02-24,0.09626146993318486
2017-02-25,0.048546715328467153
2017-02-26,0.09185609756097561
2017-02-27,0.04220927357032458
2017-02-28,0.06713007712082263
2017-03-01,0.061564705882352945
2017-03-02,0.02529515570934256
2017-03-03,0.03026950354609929
2017-03-04,0.02178672566371681
2017-03-05,0.06979529411764705
2017-03-06,0.10618953488372095
2017-03-07,0.08944852071005917
2017-03-08,0.041217905405405396
2017-03-09,0.062261711711711715
2017-03-10,-0.0005606557377049169
2017-03-11,0.0076035714285714266
2017-03-12,0.11881038961038962
2017-03-13,0.04647415254237288
2017-03-14,0.11365447897623401
2017-03-15,0.07867663366336633
2017-03-16,0.10663778195488721
2017-03-17,0.0732198300283286
2017-03-18,0.10577906976744185
2017-03-19,0.15808494623655914
2017-03-20,0.06765666666666667
2017-03-21,0.03000862745098039
2017-03-22,0.08786011235955056
2017-03-23,0.10411967213114753
2017-03-24,0.0754833922261484
2017-03-25,0.10331650485436894
2017-03-26,0.20578513513513513
2017-03-27,0.12956256983240225
2017-03-28,0.12178098318240621
2017-03-29,0.09419554896142433
2017-03-30,0.10231363636363637
2017-03-31,0.05134395604395604
2017-04-01,0.14494651162790698
2017-04-02,0.10541881720430107
2017-04-03,0.10737260536398467
2017-04-04,0.13339373412362407
2017-04-05,0.1177482371794872
2017-04-06,0.09922547770700636
2017-04-07,0.07293125
2017-04-08,0.0811254716981132
2017-04-09,0.15361634615384617
2017-04-10,0.1268927145708583
2017-04-11,0.09267622585438336
2017-04-12,0.09620605042016807
2017-04-13,0.08145452091767881
2017-04-14,0.09353515625
2017-04-15,0.05923898305084745
2017-04-16,0.1381043795620438
2017-04-17,0.07355359801488834
2017-04-18,0.04182405797101449
2017-04-19,0.10111512195121951
2017-04-20,0.07617562380038388
2017-04-21,0.10302766990291262
2017-04-22,0.12526776859504132
2017-04-23,0.14307111111111112
2017-04-24,0.05330113636363636
2017-04-25,0.06601857707509881
2017-04-26,0.07143766578249336
2017-04-27,0.06706413373860182
2017-04-28,0.07025621301775148
2017-04-29,0.02142303030303031
2017-04-30,0.11770399999999999
2017-05-01,0.11185328836424957
2017-05-02,0.08223065217391304
2017-05-03,0.08341284153005464
2017-05-04,0.0947704457364341
2017-05-05,0.07641281138790036
2017-05-06,0.07171428571428572
2017-05-07,0.17602589285714285
2017-05-08,0.10112426778242678
2017-05-09,0.1270597633136095
2017-05-10,0.15976984126984128
2017-05-11,0.10789277108433735
2017-05-12,0.08917863247863247
2017-05-13,0.14426814159292034
2017-05-14,0.10772272727272726
2017-05-15,0.059617226890756304
2017-05-16,0.07765520504731861
2017-05-17,0.07352901960784314
2017-05-18,0.052556782334384856
2017-05-19,0.0720330612244898
2017-05-20,0.10583301886792452
2017-05-21,0.12647301587301588
2017-05-22,0.021324548736462095
2017-05-23,0.07888246575342465
2017-05-24,0.0777899721448468
2017-05-25,0.10392345360824742
2017-05-26,0.10677628635346756
2017-05-27,0.10091293103448276
2017-05-28,0.09920550458715596
2017-05-29,0.07918561643835616
2017-05-30,0.12527427983539094
2017-05-31,0.09905364238410597
2017-06-01,0.10455742971887551
2017-06-02,0.09518205128205129
2017-06-03,0.024003030303030304
2017-06-04,0.011971153846153847
2017-06-05,0.09137661795407098
2017-06-06,0.104120697167756
2017-06-07,0.10453218390804597
2017-06-08,0.06012556894243642
2017-06-09,0.09393299319727891
2017-06-10,0.09408936170212766
2017-06-11,0.11373525179856116
2017-06-12,0.09180450643776825
2017-06-13,0.11920564174894217
2017-06-14,0.09908573596358118
2017-06-15,0.09675300207039336
2017-06-16,0.09870586419753086
2017-06-17,0.13427327586206897
2017-06-18,0.11501944444444444
2017-06-19,0.10368980582524272
2017-06-20,0.08611279999999999
2017-06-21,0.11468743718592965
2017-06-22,0.11357686084142395
2017-06-23,0.10904751243781094
2017-06-24,0.1385900900900901
2017-06-25,0.1066136842105263
2017-06-26,0.08780595611285266
2017-06-27,0.11383636363636365
2017-06-28,0.07238181818181819
2017-06-29,0.10056417525773197
2017-06-30,0.13954028985507247
2017-07-01,0.24443333333333334
2017-07-02,0.17181017964071857
2017-07-03,0.10360462850182704
2017-07-04,0.20210138248847928
2017-07-05,0.07055571428571429
2017-07-06,0.07983635798632692
2017-07-07,0.08752524461839531
2017-07-08,0.10504268292682928
2017-07-09,0.13397009646302252
2017-07-10,0.10173171641791044
2017-07-11,0.09336832116788321
2017-07-12,0.09262825203252033
2017-07-13,0.14192000000000002
2017-07-14,0.10872601880877743
2017-07-15,0.1314132183908046
2017-07-16,0.1467711267605634
2017-07-17,0.03907566666666667
2017-07-18,0.09831395833333333
2017-07-19,0.06149077306733167
2017-07-20,0.1149431554524362
2017-07-21,0.0818632587859425
2017-07-22,0.1466913043478261
2017-07-23,0.13325232558139535
2017-07-24,0.1579378260869565
2017-07-25,0.11168127962085309
2017-07-26,0.10273423728813559
2017-07-27,0.07942628726287262
2017-07-28,0.11441142857142857
2017-07-29,0.10390093457943926
2017-07-30,0.0985502824858757
2017-07-31,0.04078963730569948
2017-08-01,0.06305517857142857
2017-08-02,0.09548140604467806
2017-08-03,0.07030057708161583
2017-08-04,0.1267081081081081
2017-08-05,0.08980894736842106
2017-08-06,0.14873850931677018
2017-08-07,0.041199661016949156
2017-08-08,0.08710652920962199
2017-08-09,0.11228524590163935
2017-08-10,0.1259485193621868
2017-08-11,0.08944441176470588
2017-08-12,0.04333658536585366
2017-08-13,0.10400751879699248
2017-08-14,0.11874889975550122
2017-08-15,0.08308817891373803
2017-08-16,0.1269536082474227
2017-08-17,0.06702655737704918
2017-08-18,0.06506271777003485
2017-08-19,0.10456132075471698
2017-08-20,0.09351176470588235
2017-08-21,0.07368805970149254
2017-08-22,0.11717874015748032
2017-08-23,0.1609684065934066
2017-08-24,0.07938384879725086
2017-08-25,0.11670612244897959
2017-08-26,0.21717222222222224
2017-08-27,0.1539191666666667
2017-08-28,0.10098717948717949
2017-08-29,0.15043543307086613
2017-08-30,0.10190037735849057
2017-08-31,0.0827054347826087
2017-09-01,0.11528245614035089
2017-09-02,0.24987166666666666
2017-09-03,0.1997575
2017-09-04,0.15707032967032966
2017-09-05,0.10047596566523606
2017-09-06,0.1068926724137931
2017-09-07,0.08989021739130434
2017-09-08,0.07918315789473684
2017-09-09,0.1761504854368932
2017-09-10,0.12664900662251657
2017-09-11,0.12120585009140768
2017-09-12,0.05959379157427938
2017-09-13,0.11625552407932012
2017-09-14,0.14038980509745128
2017-09-15,0.11214956772334295
2017-09-16,0.17738048780487806
2017-09-17,0.19426725663716815
2017-09-18,0.13299357429718875
2017-09-19,0.09773589743589745
2017-09-20,0.09547588932806324
2017-09-21,0.06438533834586466
2017-09-22,0.07037815631262526
2017-09-23,0.1333464285714286
2017-09-24,0.10632093023255815
2017-09-25,0.07674760638297871
2017-09-26,0.04873052109181142
2017-09-27,0.09471000000000002
2017-09-28,0.05435014836795253
2017-09-29,0.11464384236453203
2017-09-30,0.14115882352941175
2017-10-01,0.101211
2017-10-02,0.04529670103092784
2017-10-03,0.08192140845070423
2017-10-04,0.0841142372881356
2017-10-05,0.13096090651558073
2017-10-06,0.14889945255474454
2017-10-07,0.1334479865771812
2017-10-08,0.20029954954954957
2017-10-09,0.12987362459546925
2017-10-10,0.12787779552715656
2017-10-11,0.15663126491646778
2017-10-12,0.18740758807588076
2017-10-13,0.20312437499999997
2017-10-14,0.1594890909090909
2017-10-15,0.21048050314465408
2017-10-16,0.134936569579288
2017-10-17,0.1425101408450704
2017-10-18,0.16611515789473685
2017-10-19,0.12665841584158416
2017-10-20,0.1531717616580311
2017-10-21,0.33803764705882355
2017-10-22,0.17369446366782007
2017-10-23,0.12644407114624506
2017-10-24,0.0941959595959596
2017-10-25,0.07459232142857143
2017-10-26,0.11061642156862746
2017-10-27,0.055722537878787885
2017-10-28,0.08200720720720721
2017-10-29,0.14378670520231213
2017-10-30,0.10734246153846154
2017-10-31,0.16522961165048544
2017-11-01,0.05909507651363939
2017-11-02,0.04277345679012346
2017-11-03,0.0842331641285956
2017-11-04,0.08828100000000001
2017-11-05,0.225340625
2017-11-06,0.14842382198952878
2017-11-07,0.08672903225806451
2017-11-08,0.08571376518218625
2017-11-09,0.12125182724252492
2017-11-10,0.08231880597014926
2017-11-11,0.08298620689655173
2017-11-12,0.15852467532467532
2017-11-13,0.10677528830313016
2017-11-14,0.08894642857142858
2017-11-15,0.1261536082474227
2017-11-16,0.10185626168224299
2017-11-17,0.10501155981827359
2017-11-18,0.14997690058479532
2017-11-19,0.13508745387453874
2017-11-20,0.13392750491159136
2017-11-21,0.14030054744525547
2017-11-22,0.15338051282051282
2017-11-23,0.14669945945945945
2017-11-24,0.17881818181818182
2017-11-25,0.2321955414012739
2017-11-26,0.22377078651685395
2017-11-27,0.17913395638629284
2017-11-28,0.11143121019108279
2017-11-29,0.0641965601965602
2017-11-30,0.056035492957746486
2017-12-01,0.11484465648854962
2017-12-02,0.2319670886075949
2017-12-03,0.3433078947368421
2017-12-04,0.16921558441558443
2017-12-05,0.16687406340057637
2017-12-06,0.1587137566137566
2017-12-07,0.2169675
2017-12-08,0.19928114754098358
2017-12-09,0.37041263736263735
2017-12-10,0.3329151724137931
2017-12-11,0.1993745575221239
2017-12-12,0.1496572357723577
2017-12-13,0.21997223650385603
2017-12-14,0.1451336956521739
2017-12-15,0.16977572815533978
2017-12-16,0.27037692307692307
2017-12-17,0.32285917159763317
2017-12-18,0.2234335766423358
2017-12-19,0.1592581047381546
2017-12-20,0.23052705167173254
2017-12-21,0.20351853035143772
2017-12-22,0.18770102739726027
2017-12-23,0.29517890625
2017-12-24,0.30893821138211386
2017-12-25,0.4408940476190476
2017-12-26,0.17043347107438017
2017-12-27,0.1524995464852608
2017-12-28,0.16737634730538922
2017-12-29,0.20238846153846154
2017-12-30,0.25886818181818183
2017-12-31,0.32713828125
2018-01-01,0.21177500000000002
2018-01-02,0.15560401606425706
2018-01-03,0.06213640350877193
2018-01-04,0.09910656370656372
2018-01-05,0.23968214285714287
2018-01-06,0.23605793650793652
2018-01-07,0.2566091954022988
2018-01-08,0.15150419708029197
2018-01-09,0.08450588235294118
2018-01-10,0.1580026936026936
2018-01-11,0.16397844611528822
2018-01-12,0.17966976744186045
2018-01-13,0.17036153846153845
2018-01-14,0.17026870229007632
2018-01-15,0.1329267605633803
2018-01-16,0.16177147887323945
2018-01-17,0.13724432432432432
2018-01-18,0.06568342696629215
2018-01-19,0.09998362831858407
2018-01-20,0.17381538461538462
2018-01-21,0.1951609756097561
2018-01-22,0.12276029411764705
2018-01-23,0.13195166051660515
2018-01-24,0.1198831746031746
2018-01-25,0.06803725961538462
2018-01-26,0.13357474402730377
2018-01-27,0.10216614173228346
2018-01-28,0.06065882352941177
2018-01-29,0.12025745257452575
2018-01-30,0.13725182481751824
2018-01-31,0.12402514792899409
2018-02-01,0.10603314917127071
2018-02-02,0.12511476510067113
2018-02-03,0.10910434782608695
2018-02-04,0.2303235294117647
2018-02-05,0.145306015037594
2018-02-06,0.12264313725490196
2018-02-07,0.09583577738515901
2018-02-08,0.07155829694323143
2018-02-09,0.10462557692307693
2018-02-10,0.14363446327683616
2018-02-11,0.13977135135135133
2018-02-12,0.17292390572390573
2018-02-13,0.11780352564102564
2018-02-14,0.11831218749999999
2018-02-15,0.09525736434108527
2018-02-16,0.11547266881028939
2018-02-17,0.08619916666666666
2018-02-18,0.13523831168831169
2018-02-19,0.1247354066985646
2018-02-20,0.09835845070422536
2018-02-21,0.05732512437810945
2018-02-22,0.09145364238410596
2018-02-23,0.10148095238095238
2018-02-24,0.07126516393442622
2018-02-25,0.07579121951219513
2018-02-26,0.10059705882352941
2018-02-27,0.11236470588235295
2018-02-28,0.058216863905325454
2018-03-01,0.09024613333333334
2018-03-02,0.07581152815013405
2018-03-03,0.07332663551401869
2018-03-04,0.15261644736842106
2018-03-05,0.05928633333333334
2018-03-06,0.17636071428571426
2018-03-07,0.08441770833333334
2018-03-08,0.053636407766990295
2018-03-09,0.07245656324582339
2018-03-10,0.06151333333333333
2018-03-11,0.14346748971193415
2018-03-12,0.09111200716845878
2018-03-13,0.11499953703703704
2018-03-14,0.04614322678843227
2018-03-15,0.09827096069868996
2018-03-16,0.1106811320754717
2018-03-17,0.08250833333333334
2018-03-18,0.16971503267973856
2018-03-19,0.017879837067209775
2018-03-20,0.07783791208791209
2018-03-21,0.105063671875
2018-03-22,0.1566182008368201
2018-03-23,0.1338497382198953
2018-03-24,0.05216153846153846
2018-03-25,0.04781586538461539
2018-03-26,0.09716470588235294
2018-03-27,0.04179805295950156
2018-03-28,0.04589491812535291
2018-03-29,0.04574456859093731
2018-03-30,0.056062411347517736
2018-03-31,-0.04069733606557377
2018-04-01,0.043379524680073125
2018-04-02,0.016202458512599875
2018-04-03,0.0548447731755424
2018-04-04,0.09256727726894255
2018-04-05,0.07300357894736843
2018-04-06,0.05676101426307449
2018-04-07,0.03926216216216216
2018-04-08,0.13247520325203252
2018-04-09,0.07205688622754491
2018-04-10,0.13637433628318585
2018-04-11,0.10799773071104388
2018-04-12,0.06424492385786802
2018-04-13,0.09163093596059113
2018-04-14,0.05907160493827161
2018-04-15,0.0601883008356546
2018-04-16,0.01707136
2018-04-17,0.06464648798521258
2018-04-18,0.08335666266506603
2018-04-19,0.044696891191709845
2018-04-20,0.05306556420233463
2018-04-21,0.0906995260663507
2018-04-22,0.0931300518134715
2018-04-23,0.08089932432432433
2018-04-24,0.08894577006507591
2018-04-25,0.12523606557377048
2018-04-26,0.05962224264705882
2018-04-27,0.08321873990306947
2018-04-28,0.11191178451178452
2018-04-29,0.08799855595667871
2018-04-30,0.07628792452830188
2018-05-01,0.07930413354531002
2018-05-02,0.0643432842287695
2018-05-03,0.03344234420140322
2018-05-04,0.062050907655880026
2018-05-05,0.07835962837837837
2018-05-06,0.07977112561174551
2018-05-07,0.11139559647718175
2018-05-08,0.08932694610778442
2018-05-09,0.059660723860589814
2018-05-10,0.056322194513715715
2018-05-11,0.09120845070422534
2018-05-12,0.08182914798206278
2018-05-13,0.08154793650793651
2018-05-14,0.01608741007194245
2018-05-15,0.027307161572052402
2018-05-16,0.05354588100686499
2018-05-17,0.08606735598227475
2018-05-18,0.0583046511627907
2018-05-19,0.06656761904761906
2018-05-20,0.10741005025125629
2018-05-21,0.0318540491355778
2018-05-22,0.08449733059548255
2018-05-23,0.0261939842209073
2018-05-24,0.04857925608011446
2018-05-25,0.050533378561736765
2018-05-26,0.09340278551532033
2018-05-27,0.08840803108808291
2018-05-28,0.07814626038781163
2018-05-29,0.04067018544935806
2018-05-30,0.06327584480600751
2018-05-31,0.1122420204978038
2018-06-01,0.05755940054495913
2018-06-02,0.14923573770491802
2018-06-03,0.1462526627218935
2018-06-04,0.08958253012048194
2018-06-05,0.07479052319842053
2018-06-06,0.08793313019390582
2018-06-07,0.05315721518987342
2018-06-08,0.10385084269662921
2018-06-09,0.08706597633136094
2018-06-10,0.04680578778135048
2018-06-11,0.06269517543859648
2018-06-12,0.07094369531652085
2018-06-13,0.09316242095754292
2018-06-14,0.0866481308411215
2018-06-15,0.05518963675213675
2018-06-16,0.05684848484848485
2018-06-17,0.07251285930408471
2018-06-18,0.019150167000668007
2018-06-19,0.022777786144578316
2018-06-20,0.058930158730158735
2018-06-21,0.0284513671875
2018-06-22,0.034595901060070676
2018-06-23,0.09970348162475823
2018-06-24,0.1278748046875
2018-06-25,0.013628040201005026
2018-06-26,0.056791261261261265
2018-06-27,0.053582493125572866
2018-06-28,0.05590025252525252
2018-06-29,0.08707354392892398
2018-06-30,0.09604028056112225
2018-07-01,0.09633899613899613
2018-07-02,0.10353810741687978
2018-07-03,0.05560470588235294
2018-07-04,0.11974968553459119
2018-07-05,0.07458332378223495
2018-07-06,0.07586145161290322
2018-07-07,0.1473889816360601
2018-07-08,0.11659544626593808
2018-07-09,0.08716705989110707
2018-07-10,0.09331561309977152
2018-07-11,0.06360295801526718
2018-07-12,0.08763134657836645
2018-07-13,0.09708270332187859
2018-07-14,0.12411295620437958
2018-07-15,0.07706296641791045
2018-07-16,0.07991554447215296
2018-07-17,0.10200248226950355
2018-07-18,0.09406940222897671
2018-07-19,0.08857491856677525
2018-07-20,0.06706825095057034
2018-07-21,0.07801676646706587
2018-07-22,0.10047994100294985
2018-07-23,0.0625053110047847
2018-07-24,0.016740154669839382
2018-07-25,0.05917586926286509
2018-07-26,0.03364444444444445
2018-07-27,0.08336472760849492
2018-07-28,0.0939698670605613
2018-07-29,0.09866048
2018-07-30,0.10769647577092512
2018-07-31,0.07694927768860353
2018-08-01,0.09222655429676706
2018-08-02,0.1316957956914524
2018-08-03,0.12470229249011858
2018-08-04,0.13048724137931034
2018-08-05,0.13023384379785605
2018-08-06,0.11991448412698413
2018-08-07,0.09058319725669496
2018-08-08,0.06302327817531306
2018-08-09,0.07076016009852217
2018-08-10,0.06496957223567393
2018-08-11,0.07982212543554007
2018-08-12,0.09752782969885775
2018-08-13,0.07822587357675696
2018-08-14,0.05392742133224356
2018-08-15,0.05756621343222085
2018-08-16,0.04238597712580806
2018-08-17,0.03742611633372503
2018-08-18,0.08779336966394187
2018-08-19,0.03217067357512954
2018-08-20,0.06206162952646239
2018-08-21,0.06996787936811873
2018-08-22,0.10110287179487179
2018-08-23,0.07059539260220636
2018-08-24,0.055812761355443406
2018-08-25,0.06516066123622424
2018-08-26,0.0797659939455096
2018-08-27,0.06287094717668489
2018-08-28,0.05066174698795181
2018-08-29,0.04605589576547232
2018-08-30,0.08192469604863221
2018-08-31,0.08161972624798712
2018-09-01,0.08429159049360146
2018-09-02,0.08546470588235294
2018-09-03,0.11320852459016392
2018-09-04,0.056464075067024125
2018-09-05,0.03142312385600976
2018-09-06,0.06778910212474298
2018-09-07,0.08354706448508181
2018-09-08,0.10159980806142035
2018-09-09,0.0916624076029567
2018-09-10,0.10480546874999999
2018-09-11,0.06682777777777778
2018-09-12,0.10764807956104251
2018-09-13,0.11139208400646204
2018-09-14,0.07250205167173253
2018-09-15,0.08241870967741936
2018-09-16,0.09815603448275861
2018-09-17,0.04637455219271155
2018-09-18,0.007590310225967066
2018-09-19,0.04127066420664206
2018-09-20,0.08586365131578948
2018-09-21,0.10602979323308272
2018-09-22,0.11663991477272728
2018-09-23,0.10443549848942599
2018-09-24,0.07522441860465116
2018-09-25,0.07349685476410732
2018-09-26,0.12897325301204818
2018-09-27,0.008397912122156436
2018-09-28,0.024693148450244697
2018-09-29,0.06830324566312256
2018-09-30,0.10505002849002848
2018-10-01,0.12453439173680184
2018-10-02,0.07621351730589336
2018-10-03,0.05605085091899251
2018-10-04,0.04259936521371138
2018-10-05,0.03266147202403305
2018-10-06,0.10908016997167139
2018-10-07,0.10195621761658032
2018-10-08,0.07283955761316872
2018-10-09,0.09850894259818731
2018-10-10,0.08867933884297521
2018-10-11,0.09100052950075643
2018-10-12,0.10127017691659647
2018-10-13,0.06785812883435582
2018-10-14,0.14977705479452055
2018-10-15,0.10557541841004184
2018-10-16,0.08983923013923013
2018-10-17,0.07931024096385542
2018-10-18,0.061964076690211915
2018-10-19,0.04471101485148515
2018-10-20,0.04734790528233151
2018-10-21,0.10461746361746362
2018-10-22,0.045159907300115876
2018-10-23,0.10764235352532274
2018-10-24,0.1440111416781293
2018-10-25,0.1447411887819171
2018-10-26,0.06174731423455685
2018-10-27,0.07877131782945737
2018-10-28,0.0827807121661721
2018-10-29,0.1261179741051028
2018-10-30,0.11680481400437638
2018-10-31,0.11670243386243387
2018-11-01,0.12962458587619877
2018-11-02,0.13322301523656777
2018-11-03,0.10266132404181184
2018-11-04,0.16999574944071588
2018-11-05,0.1048745652173913
2018-11-06,0.08841363636363636
2018-11-07,0.10309635854341737
2018-11-08,0.1224233644859813
2018-11-09,0.12383359788359788
2018-11-10,0.08152251655629138
2018-11-11,0.12179803370786518
2018-11-12,0.13089183400267737
2018-11-13,0.10183465909090908
2018-11-14,0.10527014725568942
2018-11-15,0.07279897330595482
2018-11-16,0.10204421252371916
2018-11-17,0.12922725173210162
2018-11-18,0.11765329815303431
2018-11-19,0.10239889173060529
2018-11-20,0.10723403614457831
2018-11-21,0.07858602941176471
2018-11-22,0.11532786516853932
2018-11-23,0.14380864779874214
2018-11-24,0.16876205128205127
2018-11-25,0.1292561797752809
2018-11-26,0.038507297297297294
2018-11-27,0.05363567307692308
2018-11-28,0.11483264812575575
2018-11-29,0.052945328719723184
2018-11-30,0.06561351351351351
2018-12-01,0.12714999999999999
2018-12-02,0.10348823529411764
2018-12-03,0.11166149253731344
2018-12-04,0.09413580131208997
2018-12-05,0.0955342383107089
2018-12-06,0.09987271872060206
2018-12-07,0.11969574769666903
2018-12-08,0.13895652173913042
2018-12-09,0.10910415841584159
2018-12-10,0.058653323375653474
2018-12-11,0.09357915567282322
2018-12-12,0.10402792494481236
2018-12-13,0.07992690311418685
2018-12-14,0.1000357142857143
2018-12-15,0.1296005681818182
2018-12-16,0.1119483185840708
2018-12-17,0.09635923787528869
2018-12-18,0.08362185792349727
2018-12-19,0.06795717722534081
2018-12-20,0.07856537800687285
2018-12-21,0.09185073891625614
2018-12-22,0.09031525096525096
2018-12-23,0.1445626794258373
2018-12-24,0.11282168978562422
2018-12-25,0.1460852867830424
2018-12-26,0.13974305882352941
2018-12-27,0.0729751677852349
2018-12-28,0.12964498054474707
2018-12-29,0.11566297520661158
2018-12-30,0.1181450704225352
2018-12-31,0.13517512437810947
2019-01-01,0.05462004662004662
2019-01-02,0.06688
2019-01-03,0.0887351575456053
2019-01-04,0.09953363431151242
2019-01-05,0.12301594202898551
2019-01-06,0.12536415094339623
2019-01-07,0.0938046347211312
2019-01-08,0.08612476683937824
2019-01-09,0.07344950166112957
2019-01-10,0.09526689419795221
2019-01-11,0.061114268292682926
2019-01-12,0.06726848874598071
2019-01-13,0.11882244444444445
2019-01-14,0.10050585175552666
2019-01-15,0.0688134900990099
2019-01-16,0.06777698019801981
2019-01-17,0.09587585784313726
2019-01-18,0.05229388077378602
2019-01-19,0.11771442841287458
2019-01-20,0.08132831594634873
2019-01-21,0.062051592356687904
2019-01-22,0.07500557586837295
2019-01-23,0.07005877950489349
2019-01-24,0.06866807692307693
2019-01-25,0.09085798414496035
2019-01-26,0.0977225631768953
2019-01-27,0.11001098360655738
2019-01-28,0.09813998091603053
2019-01-29,0.07561361301369862
2019-01-30,0.06499884413309982
2019-01-31,0.09940756578947368
2019-02-01,0.09150582608695652
2019-02-02,0.09401490683229814
2019-02-03,0.0911414979757085
2019-02-04,0.11584804618117228
2019-02-05,0.08605
2019-02-06,0.06275769585253456
2019-02-07,0.07519047120418848
2019-02-08,0.07693970588235295
2019-02-09,0.05956416819012798
2019-02-10,0.05521401673640168
2019-02-11,0.07474870067372473
2019-02-12,0.07618942115768464
2019-02-13,0.06053606889564336
2019-02-14,0.05713797327394209
2019-02-15,0.07099278642149928
2019-02-16,0.0880604705882353
2019-02-17,0.07639502487562189
2019-02-18,0.04794499017681729
2019-02-19,0.07249529288702929
2019-02-20,0.0453265228426396
2019-02-21,0.041232963988919666
2019-02-22,0.08234081172491545
2019-02-23,0.08581121495327104
2019-02-24,0.06855642994241842
2019-02-25,-0.056609043478260866
2019-02-26,0.01139327731092437
2019-02-27,0.07154394648829432
2019-02-28,0.07453500727802038
2019-03-01,0.05363685961410513
2019-03-02,0.03479980198019802
2019-03-03,0.04847874892887746
2019-03-04,0.03897873684210527
2019-03-05,0.04028319253001334
2019-03-06,0.04301244387427838
2019-03-07,0.05574018968583284
2019-03-08,0.05778362863217577
2019-03-09,0.06090490463215259
2019-03-10,0.05056287128712871
2019-03-11,0.059000000000000004
2019-03-12,0.03607785016286645
2019-03-13,0.03291673062164237
2019-03-14,0.07175976591075348
2019-03-15,0.055066422018348625
2019-03-16,0.05260406976744186
2019-03-17,0.0684662100456621
2019-03-18,0.06858198198198198
2019-03-19,0.009855718309859157
2019-03-20,0.07734649681528662
2019-03-21,0.04911986607142857
2019-03-22,0.03877423986486487
2019-03-23,0.02655008210180624
2019-03-24,0.0692072546230441
2019-03-25,0.05193384723195515
2019-03-26,0.047230370370370374
2019-03-27,0.06994302325581395
2019-03-28,0.06783037459283388
2019-03-29,0.08626418554476806
2019-03-30,0.0323125
2019-03-31,0.06977206537890045
2019-04-01,0.07697811355311356
2019-04-02,0.0747356
2019-04-03,0.07379828996282528
2019-04-04,0.021595981905268763
2019-04-05,0.03831109717868338
2019-04-06,0.06343276539973788
2019-04-07,0.06028397863818425
2019-04-08,0.05720385779122542
2019-04-09,0.09067292307692307
2019-04-10,0.09168040478380865
2019-04-11,0.057010441267868237
2019-04-12,0.04205753070458953
2019-04-13,0.0514385109114249
2019-04-14,0.0497947004608295
2019-04-15,0.06917186147186147
2019-04-16,0.0811629203539823
2019-04-17,0.06850202702702703
2019-04-18,0.046264764764764765
2019-04-19,0.07334899057873485
2019-04-20,0.06170432357043235
2019-04-21,-0.0032607594936708856
2019-04-22,0.04229195840554593
2019-04-23,0.08252546359113523
2019-04-24,0.04377171985815603
2019-04-25,0.05048605020654592
2019-04-26,0.047013490665727374
2019-04-27,0.07541880424300867
2019-04-28,0.09559588313413014
2019-04-29,0.06123762376237624
2019-04-30,0.11376439393939394
2019-05-01,0.03185035842293907
2019-05-02,0.060018648939992814
2019-05-03,0.08796965620328849
2019-05-04,0.10481211678832117
2019-05-05,0.09437205438066465
2019-05-06,0.0822422497785651
2019-05-07,0.10616291208791209
2019-05-08,0.08800600775193798
2019-05-09,0.11570695652173912
2019-05-10,0.07245468025949954
2019-05-11,0.10320278969957082
2019-05-12,0.12988325791855204
2019-05-13,0.053228861429832304
2019-05-14,0.04324838709677419
2019-05-15,0.06452462908011869
2019-05-16,0.054600083333333334
2019-05-17,0.05009046720151015
2019-05-18,0.06734744525547445
2019-05-19,0.059642876901798064
2019-05-20,0.09813203592814371
2019-05-21,0.04566149982059562
2019-05-22,0.03939996595165134
2019-05-23,0.04972964006259781
2019-05-24,0.07192827930174564
2019-05-25,0.10916705128205129
2019-05-26,0.09082650957290132
2019-05-27,0.10647755102040815
2019-05-28,0.07846199059561129
2019-05-29,0.07849816513761468
2019-05-30,0.03058517647058824
2019-05-31,0.06858032909498879
2019-06-01,0.09219472817133442
2019-06-02,0.07002044444444444
2019-06-03,0.07154617706237425
2019-06-04,0.10429080370942814
2019-06-05,0.08459855189058729
2019-06-06,0.10890566143497758
2019-06-07,0.10148762511373975
2019-06-08,0.11154442013129102
2019-06-09,0.09933046357615893
2019-06-10,0.085724604743083
2019-06-11,0.07958615203299942
2019-06-12,0.08007017259978425
2019-06-13,0.10560989010989011
2019-06-14,0.05938945720250522
2019-06-15,0.10501088435374151
2019-06-16,0.10475995934959349
2019-06-17,0.11544076850984068
2019-06-18,0.08582587601078168
2019-06-19,0.07800755939524838
2019-06-20,0.05876286472148542
2019-06-21,0.08310596107055962
2019-06-22,0.04309140811455847
2019-06-23,0.1003031746031746
2019-06-24,0.0810971342383107
2019-06-25,0.07472930555555556
2019-06-26,0.08525276243093922
2019-06-27,0.09653981693363844
2019-06-28,0.06086395480225988
2019-06-29,0.10259975
2019-06-30,0.0883230593607306
2019-07-01,0.08378247535596932
2019-07-02,0.08618471665712651
2019-07-03,0.1150548125
2019-07-04,0.14354606525911706
2019-07-05,0.08406097560975609
2019-07-06,0.13330366972477065
2019-07-07,0.13649775
2019-07-08,0.07859297218155198
2019-07-09,0.059343558282208594
2019-07-10,0.10028495971351835
2019-07-11,0.0976933014354067
2019-07-12,0.11311744340878828
2019-07-13,0.16505547263681591
2019-07-14,0.10532520107238605
2019-07-15,0.11523096129837702
2019-07-16,0.05080144557823129
2019-07-17,0.09466312563840654
2019-07-18,0.11753866666666667
2019-07-19,0.12375015576323986
2019-07-20,0.015684169884169884
2019-07-21,0.09100499999999999
2019-07-22,0.05384632972322503
2019-07-23,0.03102175925925926
2019-07-24,0.07621019900497512
2019-07-25,0.08397036705461056
2019-07-26,0.0925603159851301
2019-07-27,0.10483523622047244
2019-07-28,0.08647843137254901
2019-07-29,0.1483233
2019-07-30,0.10944600760456273
2019-07-31,0.09165156626506023
2019-08-01,0.07934362573099416
2019-08-02,0.05362899728997289
2019-08-03,0.09138069105691057
2019-08-04,0.08191159029649596
2019-08-05,0.09885728021978023
2019-08-06,0.09859703703703704
2019-08-07,0.05110517647058824
2019-08-08,0.06975509915014165
2019-08-09,0.05433534072900159
2019-08-10,0.09586934306569343
2019-08-11,0.041985760517799356
2019-08-12,0.07383714285714285
2019-08-13,0.12627756286266925
2019-08-14,0.05455505124450952
2019-08-15,0.07357871362940276
2019-08-16,0.02164621513944223
2019-08-17,0.09989285714285713
2019-08-18,0.04421090909090909
2019-08-19,0.08542557022809123
2019-08-20,0.04035595238095238
2019-08-21,0.049021893491124256
2019-08-22,0.03144227174694464
2019-08-23,0.040247084048027446
2019-08-24,0.03321470054446461
2019-08-25,0.05607510729613734
2019-08-26,0.03714795081967213
2019-08-27,0.04305210526315789
2019-08-28,0.05042575150300601
2019-08-29,0.08940182002022246
2019-08-30,0.10917982099267697
2019-08-31,0.1019200557103064
2019-09-01,0.10052094240837696
2019-09-02,0.08727443609022556
2019-09-03,0.05366892778993436
2019-09-04,0.07572386934673367
2019-09-05,0.07512596630327056
2019-09-06,0.0729703781512605
2019-09-07,0.09118122807017544
2019-09-08,0.0833692
2019-09-09,0.06933228882833788
2019-09-10,0.08987765006385696
2019-09-11,0.10005890557939914
2019-09-12,0.05127086330935252
2019-09-13,0.07244082840236686
2019-09-14,0.1344724705882353
2019-09-15,0.16542109375
2019-09-16,0.09064809885931559
2019-09-17,0.05371622047244094
2019-09-18,0.083773224852071
2019-09-19,0.11927583965330445
2019-09-20,0.09645085803432137
2019-09-21,0.08894072289156625
2019-09-22,0.10501703470031545
2019-09-23,0.07583982843137255
2019-09-24,0.000964507989907486
2019-09-25,0.08895590969455512
2019-09-26,0.08036666666666667
2019-09-27,0.0765154899894626
2019-09-28,0.05630230263157895
2019-09-29,0.11927697841726619
2019-09-30,0.09359643734643734
2019-10-01,0.10073016216216216
2019-10-02,0.06445756097560976
2019-10-03,0.09404084084084084
2019-10-04,0.08559285714285714
2019-10-05,0.08789294871794871
2019-10-06,0.1396295871559633
2019-10-07,0.07227780748663101
2019-10-08,0.06445645004849661
2019-10-09,0.09296562835660581
2019-10-10,0.07196698412698412
2019-10-11,0.14631517128874388
2019-10-12,0.070802
2019-10-13,0.13416979166666668
2019-10-14,0.11661247379454927
2019-10-15,0.125772
2019-10-16,0.099840675990676
2019-10-17,0.0994912568306011
2019-10-18,0.08602410841654778
2019-10-19,0.11254743202416918
2019-10-20,0.05052371364653244
2019-10-21,0.07500210526315788
2019-10-22,0.10966941176470588
2019-10-23,0.13998122605363986
2019-10-24,0.15068808623298033
2019-10-25,0.1203161800486618
2019-10-26,0.08882913198573127
2019-10-27,0.11880233393177737
2019-10-28,0.080439203539823
2019-10-29,0.12224666666666666
2019-10-30,0.07583892473118278
2019-10-31,0.07657532467532467
2019-11-01,0.07576856677524431
2019-11-02,0.04646960784313726
2019-11-03,0.10274661654135339
2019-11-04,0.10181245376078915
2019-11-05,0.07548711656441717
2019-11-06,0.12543511673151753
2019-11-07,0.1278855528652139
2019-11-08,0.11723370064279155
2019-11-09,0.09266666666666667
2019-11-10,0.13159397905759163
2019-11-11,0.08802462159434914
2019-11-12,0.11052052483598875
2019-11-13,0.14897679324894514
